mode,norm,fold,xKey,xLabel,yKey,yLabel,val
constrained,mean,0,0.25,0.25,0.0,0.0,0.06636501389756985
constrained,mean,0,0.25,0.25,0.25,0.25,0.03437449478733667
constrained,mean,0,0.25,0.25,0.5,0.5,0.028389630164639447
constrained,mean,0,0.25,0.25,0.75,0.75,0.02925153843963551
constrained,mean,0,0.25,0.25,1.0,1.0,0.0369180122122313
constrained,mean,0,0.5,0.5,0.0,0.0,0.2734035049853356
constrained,mean,0,0.5,0.5,0.25,0.25,0.15318107806330347
constrained,mean,0,0.5,0.5,0.5,0.5,0.055343507798510945
constrained,mean,0,0.5,0.5,0.75,0.75,0.026541958166987317
constrained,mean,0,0.5,0.5,1.0,1.0,0.01899912916718098
constrained,mean,0,0.75,0.75,0.0,0.0,0.41875549767245485
constrained,mean,0,0.75,0.75,0.25,0.25,0.31160844375580093
constrained,mean,0,0.75,0.75,0.5,0.5,0.1510100311767649
constrained,mean,0,0.75,0.75,0.75,0.75,0.045984277948111496
constrained,mean,0,0.75,0.75,1.0,1.0,0.023825933117849127
constrained,mean,0,1.0,1.0,0.0,0.0,0.5106898973597658
constrained,mean,0,1.0,1.0,0.25,0.25,0.41940268177459267
constrained,mean,0,1.0,1.0,0.5,0.5,0.23030240768840257
constrained,mean,0,1.0,1.0,0.75,0.75,0.08146196320861963
constrained,mean,0,1.0,1.0,1.0,1.0,0.03320815564021375
constrained,mean,0,1.25,1.25,0.0,0.0,0.5688149458475825
constrained,mean,0,1.25,1.25,0.25,0.25,0.457381392543853
constrained,mean,0,1.25,1.25,0.5,0.5,0.3080392597820446
constrained,mean,0,1.25,1.25,0.75,0.75,0.09190071317664504
constrained,mean,0,1.25,1.25,1.0,1.0,0.03854118874158943
constrained,mean,0,1.5,1.5,0.0,0.0,0.5448399605926255
constrained,mean,0,1.5,1.5,0.25,0.25,0.539097797865963
constrained,mean,0,1.5,1.5,0.5,0.5,0.31482414800525127
constrained,mean,0,1.5,1.5,0.75,0.75,0.13057771159147244
constrained,mean,0,1.5,1.5,1.0,1.0,0.046195705727251374
constrained,mean,0,1.75,1.75,0.0,0.0,0.5741924584224931
constrained,mean,0,1.75,1.75,0.25,0.25,0.5775811682102244
constrained,mean,0,1.75,1.75,0.5,0.5,0.3888232036150185
constrained,mean,0,1.75,1.75,0.75,0.75,0.1543639475220568
constrained,mean,0,1.75,1.75,1.0,1.0,0.04374521468120336
constrained,mean,0,2.0,2.0,0.0,0.0,0.5720515957459475
constrained,mean,0,2.0,2.0,0.25,0.25,0.5299633588602453
constrained,mean,0,2.0,2.0,0.5,0.5,0.3445992907651185
constrained,mean,0,2.0,2.0,0.75,0.75,0.15976824111467253
constrained,mean,0,2.0,2.0,1.0,1.0,0.04440441224305786
constrained,mean,0,2.25,2.25,0.0,0.0,0.5634752048227011
constrained,mean,0,2.25,2.25,0.25,0.25,0.5789447381732884
constrained,mean,0,2.25,2.25,0.5,0.5,0.4235174787207177
constrained,mean,0,2.25,2.25,0.75,0.75,0.16308810669698634
constrained,mean,0,2.25,2.25,1.0,1.0,0.0402111884363738
constrained,mean,0,2.5,2.5,0.0,0.0,0.588601857215403
constrained,mean,0,2.5,2.5,0.25,0.25,0.5492589479087794
constrained,mean,0,2.5,2.5,0.5,0.5,0.38975080909170784
constrained,mean,0,2.5,2.5,0.75,0.75,0.15535097650871557
constrained,mean,0,2.5,2.5,1.0,1.0,0.04218595734544501
constrained,mean,0,2.75,2.75,0.0,0.0,0.5639903120522238
constrained,mean,0,2.75,2.75,0.25,0.25,0.55971264753553
constrained,mean,0,2.75,2.75,0.5,0.5,0.4095613571005564
constrained,mean,0,2.75,2.75,0.75,0.75,0.17115655951512293
constrained,mean,0,2.75,2.75,1.0,1.0,0.04151822258454085
constrained,mean,0,3.0,3.0,0.0,0.0,0.5798868183400612
constrained,mean,0,3.0,3.0,0.25,0.25,0.5434961784685027
constrained,mean,0,3.0,3.0,0.5,0.5,0.3561366130606802
constrained,mean,0,3.0,3.0,0.75,0.75,0.17032725480548477
constrained,mean,0,3.0,3.0,1.0,1.0,0.04490752676071587
constrained,mean,1,0.25,0.25,0.0,0.0,0.1323179046267323
constrained,mean,1,0.25,0.25,0.25,0.25,0.07084272604226272
constrained,mean,1,0.25,0.25,0.5,0.5,0.05118361212928618
constrained,mean,1,0.25,0.25,0.75,0.75,0.055394399639852314
constrained,mean,1,0.25,0.25,1.0,1.0,0.06644568937274858
constrained,mean,1,0.5,0.5,0.0,0.0,0.4266960951499375
constrained,mean,1,0.5,0.5,0.25,0.25,0.31389204890080824
constrained,mean,1,0.5,0.5,0.5,0.5,0.12796326147145556
constrained,mean,1,0.5,0.5,0.75,0.75,0.06772842202875368
constrained,mean,1,0.5,0.5,1.0,1.0,0.042221672169821076
constrained,mean,1,0.75,0.75,0.0,0.0,0.5829310741890248
constrained,mean,1,0.75,0.75,0.25,0.25,0.4445503108409946
constrained,mean,1,0.75,0.75,0.5,0.5,0.31022356676207835
constrained,mean,1,0.75,0.75,0.75,0.75,0.11400729207592007
constrained,mean,1,0.75,0.75,1.0,1.0,0.05450836802750501
constrained,mean,1,1.0,1.0,0.0,0.0,0.6716262729697337
constrained,mean,1,1.0,1.0,0.25,0.25,0.5649916818645329
constrained,mean,1,1.0,1.0,0.5,0.5,0.3854177064358688
constrained,mean,1,1.0,1.0,0.75,0.75,0.183629689292474
constrained,mean,1,1.0,1.0,1.0,1.0,0.07841799194633678
constrained,mean,1,1.25,1.25,0.0,0.0,0.6976547324146496
constrained,mean,1,1.25,1.25,0.25,0.25,0.6218946790305956
constrained,mean,1,1.25,1.25,0.5,0.5,0.4883703498964626
constrained,mean,1,1.25,1.25,0.75,0.75,0.19296805722584054
constrained,mean,1,1.25,1.25,1.0,1.0,0.083824728059308
constrained,mean,1,1.5,1.5,0.0,0.0,0.7114312589914535
constrained,mean,1,1.5,1.5,0.25,0.25,0.6917431668257432
constrained,mean,1,1.5,1.5,0.5,0.5,0.4826196352231013
constrained,mean,1,1.5,1.5,0.75,0.75,0.2650366538456874
constrained,mean,1,1.5,1.5,1.0,1.0,0.10113975516815951
constrained,mean,1,1.75,1.75,0.0,0.0,0.7511079661346871
constrained,mean,1,1.75,1.75,0.25,0.25,0.7480568357858656
constrained,mean,1,1.75,1.75,0.5,0.5,0.5610613065377452
constrained,mean,1,1.75,1.75,0.75,0.75,0.2303355226797762
constrained,mean,1,1.75,1.75,1.0,1.0,0.09251636148212652
constrained,mean,1,2.0,2.0,0.0,0.0,0.7666769256652043
constrained,mean,1,2.0,2.0,0.25,0.25,0.6832317085157972
constrained,mean,1,2.0,2.0,0.5,0.5,0.5060701898150354
constrained,mean,1,2.0,2.0,0.75,0.75,0.28285959488525353
constrained,mean,1,2.0,2.0,1.0,1.0,0.09322634463259415
constrained,mean,1,2.25,2.25,0.0,0.0,0.7252711434648921
constrained,mean,1,2.25,2.25,0.25,0.25,0.7153883584640838
constrained,mean,1,2.25,2.25,0.5,0.5,0.5729322051835795
constrained,mean,1,2.25,2.25,0.75,0.75,0.2861247143856585
constrained,mean,1,2.25,2.25,1.0,1.0,0.08304418672188867
constrained,mean,1,2.5,2.5,0.0,0.0,0.7821457085279221
constrained,mean,1,2.5,2.5,0.25,0.25,0.6728767548107957
constrained,mean,1,2.5,2.5,0.5,0.5,0.557950263570449
constrained,mean,1,2.5,2.5,0.75,0.75,0.28995265305438894
constrained,mean,1,2.5,2.5,1.0,1.0,0.0880439164119992
constrained,mean,1,2.75,2.75,0.0,0.0,0.7435359483059374
constrained,mean,1,2.75,2.75,0.25,0.25,0.7257670011525021
constrained,mean,1,2.75,2.75,0.5,0.5,0.5701426610577601
constrained,mean,1,2.75,2.75,0.75,0.75,0.3017592835602282
constrained,mean,1,2.75,2.75,1.0,1.0,0.09045815885167328
constrained,mean,1,3.0,3.0,0.0,0.0,0.7218625549027625
constrained,mean,1,3.0,3.0,0.25,0.25,0.6970270405098675
constrained,mean,1,3.0,3.0,0.5,0.5,0.47667456012366716
constrained,mean,1,3.0,3.0,0.75,0.75,0.2694844483601733
constrained,mean,1,3.0,3.0,1.0,1.0,0.09152028724273752
constrained,mean,2,0.25,0.25,0.0,0.0,0.19161307359285568
constrained,mean,2,0.25,0.25,0.25,0.25,0.1170730144526411
constrained,mean,2,0.25,0.25,0.5,0.5,0.09414212732103565
constrained,mean,2,0.25,0.25,0.75,0.75,0.07836219870284157
constrained,mean,2,0.25,0.25,1.0,1.0,0.07668719455904098
constrained,mean,2,0.5,0.5,0.0,0.0,0.5226480146316511
constrained,mean,2,0.5,0.5,0.25,0.25,0.37255390123716636
constrained,mean,2,0.5,0.5,0.5,0.5,0.18284668363003004
constrained,mean,2,0.5,0.5,0.75,0.75,0.10617976479913284
constrained,mean,2,0.5,0.5,1.0,1.0,0.06283169379829166
constrained,mean,2,0.75,0.75,0.0,0.0,0.6722004035776991
constrained,mean,2,0.75,0.75,0.25,0.25,0.5314083811535611
constrained,mean,2,0.75,0.75,0.5,0.5,0.33769797890475356
constrained,mean,2,0.75,0.75,0.75,0.75,0.15358503506956905
constrained,mean,2,0.75,0.75,1.0,1.0,0.07805767166497857
constrained,mean,2,1.0,1.0,0.0,0.0,0.7604553485920644
constrained,mean,2,1.0,1.0,0.25,0.25,0.643097586896697
constrained,mean,2,1.0,1.0,0.5,0.5,0.4424954737825868
constrained,mean,2,1.0,1.0,0.75,0.75,0.2159919288715482
constrained,mean,2,1.0,1.0,1.0,1.0,0.09812863900782791
constrained,mean,2,1.25,1.25,0.0,0.0,0.7398789136603896
constrained,mean,2,1.25,1.25,0.25,0.25,0.7146517629351665
constrained,mean,2,1.25,1.25,0.5,0.5,0.5532683363113563
constrained,mean,2,1.25,1.25,0.75,0.75,0.2267629210170943
constrained,mean,2,1.25,1.25,1.0,1.0,0.10753811471681558
constrained,mean,2,1.5,1.5,0.0,0.0,0.7524644101136837
constrained,mean,2,1.5,1.5,0.25,0.25,0.7497151295631705
constrained,mean,2,1.5,1.5,0.5,0.5,0.567227574857136
constrained,mean,2,1.5,1.5,0.75,0.75,0.2905089686427802
constrained,mean,2,1.5,1.5,1.0,1.0,0.1251182615489201
constrained,mean,2,1.75,1.75,0.0,0.0,0.7896462210287414
constrained,mean,2,1.75,1.75,0.25,0.25,0.7859930432588071
constrained,mean,2,1.75,1.75,0.5,0.5,0.6224190157474523
constrained,mean,2,1.75,1.75,0.75,0.75,0.2732981855060332
constrained,mean,2,1.75,1.75,1.0,1.0,0.12156940432527939
constrained,mean,2,2.0,2.0,0.0,0.0,0.8308196682331326
constrained,mean,2,2.0,2.0,0.25,0.25,0.7177960068435827
constrained,mean,2,2.0,2.0,0.5,0.5,0.6191170634507167
constrained,mean,2,2.0,2.0,0.75,0.75,0.3762317951534879
constrained,mean,2,2.0,2.0,1.0,1.0,0.12262907187245203
constrained,mean,2,2.25,2.25,0.0,0.0,0.7769341109541728
constrained,mean,2,2.25,2.25,0.25,0.25,0.7542304879383682
constrained,mean,2,2.25,2.25,0.5,0.5,0.648979101372168
constrained,mean,2,2.25,2.25,0.75,0.75,0.3724553989490592
constrained,mean,2,2.25,2.25,1.0,1.0,0.12662151786000553
constrained,mean,2,2.5,2.5,0.0,0.0,0.8132923648098552
constrained,mean,2,2.5,2.5,0.25,0.25,0.742641851735219
constrained,mean,2,2.5,2.5,0.5,0.5,0.6326793272326754
constrained,mean,2,2.5,2.5,0.75,0.75,0.3767360988157825
constrained,mean,2,2.5,2.5,1.0,1.0,0.1243502652698344
constrained,mean,2,2.75,2.75,0.0,0.0,0.7994816314641909
constrained,mean,2,2.75,2.75,0.25,0.25,0.7727760524467054
constrained,mean,2,2.75,2.75,0.5,0.5,0.6216332428665
constrained,mean,2,2.75,2.75,0.75,0.75,0.38402193430297044
constrained,mean,2,2.75,2.75,1.0,1.0,0.13624729300071992
constrained,mean,2,3.0,3.0,0.0,0.0,0.7922553179873151
constrained,mean,2,3.0,3.0,0.25,0.25,0.7454460135300961
constrained,mean,2,3.0,3.0,0.5,0.5,0.5678124089888662
constrained,mean,2,3.0,3.0,0.75,0.75,0.3678939534389477
constrained,mean,2,3.0,3.0,1.0,1.0,0.13166660293186572
constrained,mean,3,0.25,0.25,0.0,0.0,0.2243899505856764
constrained,mean,3,0.25,0.25,0.25,0.25,0.13956698977440674
constrained,mean,3,0.25,0.25,0.5,0.5,0.10100595047432763
constrained,mean,3,0.25,0.25,0.75,0.75,0.07826605890538658
constrained,mean,3,0.25,0.25,1.0,1.0,0.07668641415222283
constrained,mean,3,0.5,0.5,0.0,0.0,0.5785397713592804
constrained,mean,3,0.5,0.5,0.25,0.25,0.4121936543208126
constrained,mean,3,0.5,0.5,0.5,0.5,0.2154922465305494
constrained,mean,3,0.5,0.5,0.75,0.75,0.12463073276122737
constrained,mean,3,0.5,0.5,1.0,1.0,0.07121057792746184
constrained,mean,3,0.75,0.75,0.0,0.0,0.7118623502274734
constrained,mean,3,0.75,0.75,0.25,0.25,0.5862310017628632
constrained,mean,3,0.75,0.75,0.5,0.5,0.37355757098978054
constrained,mean,3,0.75,0.75,0.75,0.75,0.1852420979909343
constrained,mean,3,0.75,0.75,1.0,1.0,0.0928651808156218
constrained,mean,3,1.0,1.0,0.0,0.0,0.8035376699537877
constrained,mean,3,1.0,1.0,0.25,0.25,0.7176325594207388
constrained,mean,3,1.0,1.0,0.5,0.5,0.5152601333215618
constrained,mean,3,1.0,1.0,0.75,0.75,0.2509384976300081
constrained,mean,3,1.0,1.0,1.0,1.0,0.11751659722882425
constrained,mean,3,1.25,1.25,0.0,0.0,0.7767740726910021
constrained,mean,3,1.25,1.25,0.25,0.25,0.7796478746736046
constrained,mean,3,1.25,1.25,0.5,0.5,0.6273278679209332
constrained,mean,3,1.25,1.25,0.75,0.75,0.27063771114897744
constrained,mean,3,1.25,1.25,1.0,1.0,0.12812516635662044
constrained,mean,3,1.5,1.5,0.0,0.0,0.7555726458684501
constrained,mean,3,1.5,1.5,0.25,0.25,0.7901817658397636
constrained,mean,3,1.5,1.5,0.5,0.5,0.6501785891434813
constrained,mean,3,1.5,1.5,0.75,0.75,0.3461327669640174
constrained,mean,3,1.5,1.5,1.0,1.0,0.14937758717728153
constrained,mean,3,1.75,1.75,0.0,0.0,0.8086410963006686
constrained,mean,3,1.75,1.75,0.25,0.25,0.8063750822712695
constrained,mean,3,1.75,1.75,0.5,0.5,0.7193393168775145
constrained,mean,3,1.75,1.75,0.75,0.75,0.3241304880101275
constrained,mean,3,1.75,1.75,1.0,1.0,0.14428544133119642
constrained,mean,3,2.0,2.0,0.0,0.0,0.8414132923784075
constrained,mean,3,2.0,2.0,0.25,0.25,0.746861664449584
constrained,mean,3,2.0,2.0,0.5,0.5,0.6787176472080846
constrained,mean,3,2.0,2.0,0.75,0.75,0.4522375856498514
constrained,mean,3,2.0,2.0,1.0,1.0,0.14764762735461529
constrained,mean,3,2.25,2.25,0.0,0.0,0.7937239284212845
constrained,mean,3,2.25,2.25,0.25,0.25,0.8007691390319641
constrained,mean,3,2.25,2.25,0.5,0.5,0.7218499274280911
constrained,mean,3,2.25,2.25,0.75,0.75,0.44702045144831254
constrained,mean,3,2.25,2.25,1.0,1.0,0.15174966349523036
constrained,mean,3,2.5,2.5,0.0,0.0,0.8320443070733834
constrained,mean,3,2.5,2.5,0.25,0.25,0.7558041576547997
constrained,mean,3,2.5,2.5,0.5,0.5,0.6835470253741517
constrained,mean,3,2.5,2.5,0.75,0.75,0.44789135512405476
constrained,mean,3,2.5,2.5,1.0,1.0,0.14946599593089413
constrained,mean,3,2.75,2.75,0.0,0.0,0.8209480373757501
constrained,mean,3,2.75,2.75,0.25,0.25,0.8038626563064576
constrained,mean,3,2.75,2.75,0.5,0.5,0.6992395362386385
constrained,mean,3,2.75,2.75,0.75,0.75,0.4618882997785595
constrained,mean,3,2.75,2.75,1.0,1.0,0.16567452728581683
constrained,mean,3,3.0,3.0,0.0,0.0,0.8264497825485683
constrained,mean,3,3.0,3.0,0.25,0.25,0.7654115239557828
constrained,mean,3,3.0,3.0,0.5,0.5,0.6238506628157537
constrained,mean,3,3.0,3.0,0.75,0.75,0.440780613108072
constrained,mean,3,3.0,3.0,1.0,1.0,0.15841090738742078
constrained,median,0,0.25,0.25,0.0,0.0,0.0492487729777734
constrained,median,0,0.25,0.25,0.25,0.25,0.02495649183924885
constrained,median,0,0.25,0.25,0.5,0.5,0.02771299378455045
constrained,median,0,0.25,0.25,0.75,0.75,0.029295948705451682
constrained,median,0,0.25,0.25,1.0,1.0,0.03694667352105263
constrained,median,0,0.5,0.5,0.0,0.0,0.25039512279511783
constrained,median,0,0.5,0.5,0.25,0.25,0.12474770660384245
constrained,median,0,0.5,0.5,0.5,0.5,0.03474637090064043
constrained,median,0,0.5,0.5,0.75,0.75,0.021781871678089725
constrained,median,0,0.5,0.5,1.0,1.0,0.018887887121167662
constrained,median,0,0.75,0.75,0.0,0.0,0.4069315221478666
constrained,median,0,0.75,0.75,0.25,0.25,0.2916497303656843
constrained,median,0,0.75,0.75,0.5,0.5,0.11190973809830247
constrained,median,0,0.75,0.75,0.75,0.75,0.028494783368034866
constrained,median,0,0.75,0.75,1.0,1.0,0.01701143071273749
constrained,median,0,1.0,1.0,0.0,0.0,0.5048526445382023
constrained,median,0,1.0,1.0,0.25,0.25,0.4061882448336676
constrained,median,0,1.0,1.0,0.5,0.5,0.17610408679081513
constrained,median,0,1.0,1.0,0.75,0.75,0.05038352986141828
constrained,median,0,1.0,1.0,1.0,1.0,0.03096214721599151
constrained,median,0,1.25,1.25,0.0,0.0,0.58937588622894
constrained,median,0,1.25,1.25,0.25,0.25,0.4471071715225914
constrained,median,0,1.25,1.25,0.5,0.5,0.2730080737730506
constrained,median,0,1.25,1.25,0.75,0.75,0.05376626708444409
constrained,median,0,1.25,1.25,1.0,1.0,0.03415324588694986
constrained,median,0,1.5,1.5,0.0,0.0,0.5673632842758468
constrained,median,0,1.5,1.5,0.25,0.25,0.5404910910810232
constrained,median,0,1.5,1.5,0.5,0.5,0.28435430067473605
constrained,median,0,1.5,1.5,0.75,0.75,0.08435477133504682
constrained,median,0,1.5,1.5,1.0,1.0,0.03478765765201988
constrained,median,0,1.75,1.75,0.0,0.0,0.6015791220628038
constrained,median,0,1.75,1.75,0.25,0.25,0.6020155685643819
constrained,median,0,1.75,1.75,0.5,0.5,0.37351311461058606
constrained,median,0,1.75,1.75,0.75,0.75,0.09952034809262489
constrained,median,0,1.75,1.75,1.0,1.0,0.03805588342487393
constrained,median,0,2.0,2.0,0.0,0.0,0.5859185513101701
constrained,median,0,2.0,2.0,0.25,0.25,0.5521295732295243
constrained,median,0,2.0,2.0,0.5,0.5,0.304707560589622
constrained,median,0,2.0,2.0,0.75,0.75,0.11444956596508651
constrained,median,0,2.0,2.0,1.0,1.0,0.035814360955183935
constrained,median,0,2.25,2.25,0.0,0.0,0.5813785147970305
constrained,median,0,2.25,2.25,0.25,0.25,0.6128739511688368
constrained,median,0,2.25,2.25,0.5,0.5,0.39965055314188863
constrained,median,0,2.25,2.25,0.75,0.75,0.10549845726157017
constrained,median,0,2.25,2.25,1.0,1.0,0.03397873397273044
constrained,median,0,2.5,2.5,0.0,0.0,0.5966045786345874
constrained,median,0,2.5,2.5,0.25,0.25,0.5646718692143697
constrained,median,0,2.5,2.5,0.5,0.5,0.36290142341328224
constrained,median,0,2.5,2.5,0.75,0.75,0.10399465810040145
constrained,median,0,2.5,2.5,1.0,1.0,0.0342567981609838
constrained,median,0,2.75,2.75,0.0,0.0,0.5848772347808812
constrained,median,0,2.75,2.75,0.25,0.25,0.5671278902520657
constrained,median,0,2.75,2.75,0.5,0.5,0.3882348172061052
constrained,median,0,2.75,2.75,0.75,0.75,0.11647521423065019
constrained,median,0,2.75,2.75,1.0,1.0,0.03447886140856752
constrained,median,0,3.0,3.0,0.0,0.0,0.578519841151557
constrained,median,0,3.0,3.0,0.25,0.25,0.5612549071689051
constrained,median,0,3.0,3.0,0.5,0.5,0.31687348665461323
constrained,median,0,3.0,3.0,0.75,0.75,0.12506558345797125
constrained,median,0,3.0,3.0,1.0,1.0,0.037343555097328146
constrained,median,1,0.25,0.25,0.0,0.0,0.0852822662998577
constrained,median,1,0.25,0.25,0.25,0.25,0.044943544217526096
constrained,median,1,0.25,0.25,0.5,0.5,0.0437092102817342
constrained,median,1,0.25,0.25,0.75,0.75,0.05533679199918651
constrained,median,1,0.25,0.25,1.0,1.0,0.06650401233789474
constrained,median,1,0.5,0.5,0.0,0.0,0.421673901610401
constrained,median,1,0.5,0.5,0.25,0.25,0.2874360255408234
constrained,median,1,0.5,0.5,0.5,0.5,0.0758518178121651
constrained,median,1,0.5,0.5,0.75,0.75,0.047484034572245114
constrained,median,1,0.5,0.5,1.0,1.0,0.04001717819764811
constrained,median,1,0.75,0.75,0.0,0.0,0.6221851288398639
constrained,median,1,0.75,0.75,0.25,0.25,0.4497220719776241
constrained,median,1,0.75,0.75,0.5,0.5,0.28508043813940587
constrained,median,1,0.75,0.75,0.75,0.75,0.062067480079962455
constrained,median,1,0.75,0.75,1.0,1.0,0.03745999525598615
constrained,median,1,1.0,1.0,0.0,0.0,0.7160011074014606
constrained,median,1,1.0,1.0,0.25,0.25,0.5837080758172546
constrained,median,1,1.0,1.0,0.5,0.5,0.36487572419440234
constrained,median,1,1.0,1.0,0.75,0.75,0.11861397643470457
constrained,median,1,1.0,1.0,1.0,1.0,0.06676307355191509
constrained,median,1,1.25,1.25,0.0,0.0,0.7490421975553325
constrained,median,1,1.25,1.25,0.25,0.25,0.6588502892174591
constrained,median,1,1.25,1.25,0.5,0.5,0.48719856843116827
constrained,median,1,1.25,1.25,0.75,0.75,0.1413003491945649
constrained,median,1,1.25,1.25,1.0,1.0,0.07463062663727028
constrained,median,1,1.5,1.5,0.0,0.0,0.7728348801349375
constrained,median,1,1.5,1.5,0.25,0.25,0.7574649435821668
constrained,median,1,1.5,1.5,0.5,0.5,0.500439720315191
constrained,median,1,1.5,1.5,0.75,0.75,0.22092764690831593
constrained,median,1,1.5,1.5,1.0,1.0,0.07495560109690647
constrained,median,1,1.75,1.75,0.0,0.0,0.8158703820232652
constrained,median,1,1.75,1.75,0.25,0.25,0.8208348618429404
constrained,median,1,1.75,1.75,0.5,0.5,0.5483875934159151
constrained,median,1,1.75,1.75,0.75,0.75,0.17338218768707206
constrained,median,1,1.75,1.75,1.0,1.0,0.07589374927450242
constrained,median,1,2.0,2.0,0.0,0.0,0.7838776961332931
constrained,median,1,2.0,2.0,0.25,0.25,0.7501351475705299
constrained,median,1,2.0,2.0,0.5,0.5,0.49168557789802675
constrained,median,1,2.0,2.0,0.75,0.75,0.2402418295807702
constrained,median,1,2.0,2.0,1.0,1.0,0.079359261491294
constrained,median,1,2.25,2.25,0.0,0.0,0.7616223188475988
constrained,median,1,2.25,2.25,0.25,0.25,0.7701491464618363
constrained,median,1,2.25,2.25,0.5,0.5,0.564754534219184
constrained,median,1,2.25,2.25,0.75,0.75,0.21617132563974503
constrained,median,1,2.25,2.25,1.0,1.0,0.07222961385411311
constrained,median,1,2.5,2.5,0.0,0.0,0.8339795708530257
constrained,median,1,2.5,2.5,0.25,0.25,0.7209128855783878
constrained,median,1,2.5,2.5,0.5,0.5,0.5822338997163515
constrained,median,1,2.5,2.5,0.75,0.75,0.22720726167232547
constrained,median,1,2.5,2.5,1.0,1.0,0.07359421753169126
constrained,median,1,2.75,2.75,0.0,0.0,0.7885868281533785
constrained,median,1,2.75,2.75,0.25,0.25,0.8028707383719237
constrained,median,1,2.75,2.75,0.5,0.5,0.5284709920782107
constrained,median,1,2.75,2.75,0.75,0.75,0.2334257171272739
constrained,median,1,2.75,2.75,1.0,1.0,0.07510012850668303
constrained,median,1,3.0,3.0,0.0,0.0,0.765759401300336
constrained,median,1,3.0,3.0,0.25,0.25,0.7605205971042742
constrained,median,1,3.0,3.0,0.5,0.5,0.4259055444441447
constrained,median,1,3.0,3.0,0.75,0.75,0.2156323940148178
constrained,median,1,3.0,3.0,1.0,1.0,0.0786120090364849
constrained,median,2,0.25,0.25,0.0,0.0,0.15607092677116868
constrained,median,2,0.25,0.25,0.25,0.25,0.06940722802158329
constrained,median,2,0.25,0.25,0.5,0.5,0.06703419338663877
constrained,median,2,0.25,0.25,0.75,0.75,0.07662017353733516
constrained,median,2,0.25,0.25,1.0,1.0,0.076735398851417
constrained,median,2,0.5,0.5,0.0,0.0,0.5515337049140221
constrained,median,2,0.5,0.5,0.25,0.25,0.3754520105431094
constrained,median,2,0.5,0.5,0.5,0.5,0.14238420465249316
constrained,median,2,0.5,0.5,0.75,0.75,0.06361263337047957
constrained,median,2,0.5,0.5,1.0,1.0,0.058856564902457185
constrained,median,2,0.75,0.75,0.0,0.0,0.7247246509923437
constrained,median,2,0.75,0.75,0.25,0.25,0.5618430876784967
constrained,median,2,0.75,0.75,0.5,0.5,0.3512190046683873
constrained,median,2,0.75,0.75,0.75,0.75,0.09934473943339678
constrained,median,2,0.75,0.75,1.0,1.0,0.056544880985681285
constrained,median,2,1.0,1.0,0.0,0.0,0.8186732561437172
constrained,median,2,1.0,1.0,0.25,0.25,0.6815780847648815
constrained,median,2,1.0,1.0,0.5,0.5,0.47409774424684975
constrained,median,2,1.0,1.0,0.75,0.75,0.19324307400135662
constrained,median,2,1.0,1.0,1.0,1.0,0.0625269149282005
constrained,median,2,1.25,1.25,0.0,0.0,0.7914143558129846
constrained,median,2,1.25,1.25,0.25,0.25,0.7514495279741651
constrained,median,2,1.25,1.25,0.5,0.5,0.5783683903133957
constrained,median,2,1.25,1.25,0.75,0.75,0.20174356532828006
constrained,median,2,1.25,1.25,1.0,1.0,0.10567508044452459
constrained,median,2,1.5,1.5,0.0,0.0,0.8017839048748654
constrained,median,2,1.5,1.5,0.25,0.25,0.7951324322625652
constrained,median,2,1.5,1.5,0.5,0.5,0.5899756231377611
constrained,median,2,1.5,1.5,0.75,0.75,0.2640622762582385
constrained,median,2,1.5,1.5,1.0,1.0,0.11414321835267056
constrained,median,2,1.75,1.75,0.0,0.0,0.8309273998984128
constrained,median,2,1.75,1.75,0.25,0.25,0.8490416829410897
constrained,median,2,1.75,1.75,0.5,0.5,0.600707397670039
constrained,median,2,1.75,1.75,0.75,0.75,0.24896587778310242
constrained,median,2,1.75,1.75,1.0,1.0,0.11369319067897503
constrained,median,2,2.0,2.0,0.0,0.0,0.8836302740377843
constrained,median,2,2.0,2.0,0.25,0.25,0.7577006111597897
constrained,median,2,2.0,2.0,0.5,0.5,0.6518820556322089
constrained,median,2,2.0,2.0,0.75,0.75,0.374992659228809
constrained,median,2,2.0,2.0,1.0,1.0,0.11301831758177966
constrained,median,2,2.25,2.25,0.0,0.0,0.8295694029172564
constrained,median,2,2.25,2.25,0.25,0.25,0.7781923778426447
constrained,median,2,2.25,2.25,0.5,0.5,0.6578549729884802
constrained,median,2,2.25,2.25,0.75,0.75,0.35431859136311455
constrained,median,2,2.25,2.25,1.0,1.0,0.11318022343185914
constrained,median,2,2.5,2.5,0.0,0.0,0.8515191943307683
constrained,median,2,2.5,2.5,0.25,0.25,0.7604550779306457
constrained,median,2,2.5,2.5,0.5,0.5,0.6224779675761378
constrained,median,2,2.5,2.5,0.75,0.75,0.3607250812201201
constrained,median,2,2.5,2.5,1.0,1.0,0.11444086119779835
constrained,median,2,2.75,2.75,0.0,0.0,0.8537507447301087
constrained,median,2,2.75,2.75,0.25,0.25,0.8351660867196591
constrained,median,2,2.75,2.75,0.5,0.5,0.6169669499380973
constrained,median,2,2.75,2.75,0.75,0.75,0.39029040187663244
constrained,median,2,2.75,2.75,1.0,1.0,0.11938545925423687
constrained,median,2,3.0,3.0,0.0,0.0,0.8457809194664685
constrained,median,2,3.0,3.0,0.25,0.25,0.8177165029629561
constrained,median,2,3.0,3.0,0.5,0.5,0.5594358607518314
constrained,median,2,3.0,3.0,0.75,0.75,0.3684701474483989
constrained,median,2,3.0,3.0,1.0,1.0,0.117926116516827
constrained,median,3,0.25,0.25,0.0,0.0,0.1903796153130876
constrained,median,3,0.25,0.25,0.25,0.25,0.08186268171076423
constrained,median,3,0.25,0.25,0.5,0.5,0.07182235005711297
constrained,median,3,0.25,0.25,0.75,0.75,0.07662017353733516
constrained,median,3,0.25,0.25,1.0,1.0,0.076735398851417
constrained,median,3,0.5,0.5,0.0,0.0,0.64005062767531
constrained,median,3,0.5,0.5,0.25,0.25,0.4258650926918887
constrained,median,3,0.5,0.5,0.5,0.5,0.1727645515043084
constrained,median,3,0.5,0.5,0.75,0.75,0.07322371995014589
constrained,median,3,0.5,0.5,1.0,1.0,0.06670410688945147
constrained,median,3,0.75,0.75,0.0,0.0,0.777947229299702
constrained,median,3,0.75,0.75,0.25,0.25,0.6398269719814308
constrained,median,3,0.75,0.75,0.5,0.5,0.38008083757527017
constrained,median,3,0.75,0.75,0.75,0.75,0.11796717063345792
constrained,median,3,0.75,0.75,1.0,1.0,0.06778332227681934
constrained,median,3,1.0,1.0,0.0,0.0,0.8585038782718372
constrained,median,3,1.0,1.0,0.25,0.25,0.7823272795501324
constrained,median,3,1.0,1.0,0.5,0.5,0.5367725649488594
constrained,median,3,1.0,1.0,0.75,0.75,0.23638422180042654
constrained,median,3,1.0,1.0,1.0,1.0,0.0755359289321435
constrained,median,3,1.25,1.25,0.0,0.0,0.8057362902357765
constrained,median,3,1.25,1.25,0.25,0.25,0.8366394703451776
constrained,median,3,1.25,1.25,0.5,0.5,0.6936927752733595
constrained,median,3,1.25,1.25,0.75,0.75,0.24187415062471784
constrained,median,3,1.25,1.25,1.0,1.0,0.11939133719517554
constrained,median,3,1.5,1.5,0.0,0.0,0.7822833101476347
constrained,median,3,1.5,1.5,0.25,0.25,0.8430850903829659
constrained,median,3,1.5,1.5,0.5,0.5,0.6914531831724108
constrained,median,3,1.5,1.5,0.75,0.75,0.3162784790963325
constrained,median,3,1.5,1.5,1.0,1.0,0.1366198852830827
constrained,median,3,1.75,1.75,0.0,0.0,0.8261035867626823
constrained,median,3,1.75,1.75,0.25,0.25,0.8510574762999653
constrained,median,3,1.75,1.75,0.5,0.5,0.7487435926277121
constrained,median,3,1.75,1.75,0.75,0.75,0.2987986680838067
constrained,median,3,1.75,1.75,1.0,1.0,0.1364273039249976
constrained,median,3,2.0,2.0,0.0,0.0,0.863334612408527
constrained,median,3,2.0,2.0,0.25,0.25,0.7751454681737174
constrained,median,3,2.0,2.0,0.5,0.5,0.7460654461291605
constrained,median,3,2.0,2.0,0.75,0.75,0.44998937975268233
constrained,median,3,2.0,2.0,1.0,1.0,0.13562192184929092
constrained,median,3,2.25,2.25,0.0,0.0,0.8342301637732713
constrained,median,3,2.25,2.25,0.25,0.25,0.8307046597212493
constrained,median,3,2.25,2.25,0.5,0.5,0.7535262815513091
constrained,median,3,2.25,2.25,0.75,0.75,0.42518112954392795
constrained,median,3,2.25,2.25,1.0,1.0,0.13581626782285924
constrained,median,3,2.5,2.5,0.0,0.0,0.8659225775720943
constrained,median,3,2.5,2.5,0.25,0.25,0.7772745616690064
constrained,median,3,2.5,2.5,0.5,0.5,0.697346533531842
constrained,median,3,2.5,2.5,0.75,0.75,0.43287007547463074
constrained,median,3,2.5,2.5,1.0,1.0,0.13732903343242994
constrained,median,3,2.75,2.75,0.0,0.0,0.8365657016979231
constrained,median,3,2.75,2.75,0.25,0.25,0.8283654202260432
constrained,median,3,2.75,2.75,0.5,0.5,0.711500620104835
constrained,median,3,2.75,2.75,0.75,0.75,0.46834848221314107
constrained,median,3,2.75,2.75,1.0,1.0,0.14496805765610463
constrained,median,3,3.0,3.0,0.0,0.0,0.8589056169852793
constrained,median,3,3.0,3.0,0.25,0.25,0.8224835617434515
constrained,median,3,3.0,3.0,0.5,0.5,0.6008682732299637
constrained,median,3,3.0,3.0,0.75,0.75,0.44216417692102145
constrained,median,3,3.0,3.0,1.0,1.0,0.14151133982019076
uncostrained,mean,0,0.25,0.25,0.0,0.0,0.06192431322048129
uncostrained,mean,0,0.25,0.25,0.25,0.25,0.03310502747948402
uncostrained,mean,0,0.25,0.25,0.5,0.5,0.02811338802269731
uncostrained,mean,0,0.25,0.25,0.75,0.75,0.027398799570820594
uncostrained,mean,0,0.25,0.25,1.0,1.0,0.0365917816845625
uncostrained,mean,0,0.5,0.5,0.0,0.0,0.2552799607557991
uncostrained,mean,0,0.5,0.5,0.25,0.25,0.14451362031643544
uncostrained,mean,0,0.5,0.5,0.5,0.5,0.05183597521961581
uncostrained,mean,0,0.5,0.5,0.75,0.75,0.025733968493919925
uncostrained,mean,0,0.5,0.5,1.0,1.0,0.01957590691733175
uncostrained,mean,0,0.75,0.75,0.0,0.0,0.3994913236869004
uncostrained,mean,0,0.75,0.75,0.25,0.25,0.3010482690249093
uncostrained,mean,0,0.75,0.75,0.5,0.5,0.1459690693888735
uncostrained,mean,0,0.75,0.75,0.75,0.75,0.044386912122233856
uncostrained,mean,0,0.75,0.75,1.0,1.0,0.023618205028266694
uncostrained,mean,0,1.0,1.0,0.0,0.0,0.484395382354294
uncostrained,mean,0,1.0,1.0,0.25,0.25,0.4073732876589728
uncostrained,mean,0,1.0,1.0,0.5,0.5,0.21718613181619165
uncostrained,mean,0,1.0,1.0,0.75,0.75,0.07898118674891441
uncostrained,mean,0,1.0,1.0,1.0,1.0,0.03141939901886396
uncostrained,mean,0,1.25,1.25,0.0,0.0,0.5468131855531718
uncostrained,mean,0,1.25,1.25,0.25,0.25,0.450322505623532
uncostrained,mean,0,1.25,1.25,0.5,0.5,0.29874941332712385
uncostrained,mean,0,1.25,1.25,0.75,0.75,0.08921032127107965
uncostrained,mean,0,1.25,1.25,1.0,1.0,0.03810514123128053
uncostrained,mean,0,1.5,1.5,0.0,0.0,0.5273316859545458
uncostrained,mean,0,1.5,1.5,0.25,0.25,0.5181002596095007
uncostrained,mean,0,1.5,1.5,0.5,0.5,0.3097149133657479
uncostrained,mean,0,1.5,1.5,0.75,0.75,0.12659696192196118
uncostrained,mean,0,1.5,1.5,1.0,1.0,0.04372892613995492
uncostrained,mean,0,1.75,1.75,0.0,0.0,0.5496235437112742
uncostrained,mean,0,1.75,1.75,0.25,0.25,0.5471109987660926
uncostrained,mean,0,1.75,1.75,0.5,0.5,0.37842077782208594
uncostrained,mean,0,1.75,1.75,0.75,0.75,0.14969098633116754
uncostrained,mean,0,1.75,1.75,1.0,1.0,0.04312336996195283
uncostrained,mean,0,2.0,2.0,0.0,0.0,0.5452101283045907
uncostrained,mean,0,2.0,2.0,0.25,0.25,0.5186836179607831
uncostrained,mean,0,2.0,2.0,0.5,0.5,0.33443280011088533
uncostrained,mean,0,2.0,2.0,0.75,0.75,0.1542033426596989
uncostrained,mean,0,2.0,2.0,1.0,1.0,0.043397069940374705
uncostrained,mean,0,2.25,2.25,0.0,0.0,0.5289611071491852
uncostrained,mean,0,2.25,2.25,0.25,0.25,0.5612474150134515
uncostrained,mean,0,2.25,2.25,0.5,0.5,0.4161939965706692
uncostrained,mean,0,2.25,2.25,0.75,0.75,0.1624687536302853
uncostrained,mean,0,2.25,2.25,1.0,1.0,0.03927884785039417
uncostrained,mean,0,2.5,2.5,0.0,0.0,0.5702386323566089
uncostrained,mean,0,2.5,2.5,0.25,0.25,0.5387311225440776
uncostrained,mean,0,2.5,2.5,0.5,0.5,0.3707861547511795
uncostrained,mean,0,2.5,2.5,0.75,0.75,0.15261776806820088
uncostrained,mean,0,2.5,2.5,1.0,1.0,0.04174009088455853
uncostrained,mean,0,2.75,2.75,0.0,0.0,0.5314850525051734
uncostrained,mean,0,2.75,2.75,0.25,0.25,0.5384645964040652
uncostrained,mean,0,2.75,2.75,0.5,0.5,0.387656129203137
uncostrained,mean,0,2.75,2.75,0.75,0.75,0.16307081323907038
uncostrained,mean,0,2.75,2.75,1.0,1.0,0.041170648002846796
uncostrained,mean,0,3.0,3.0,0.0,0.0,0.5643748285937836
uncostrained,mean,0,3.0,3.0,0.25,0.25,0.5059940946278121
uncostrained,mean,0,3.0,3.0,0.5,0.5,0.3398289517854029
uncostrained,mean,0,3.0,3.0,0.75,0.75,0.16775817298429482
uncostrained,mean,0,3.0,3.0,1.0,1.0,0.04415796007107119
uncostrained,mean,1,0.25,0.25,0.0,0.0,0.1261135832902516
uncostrained,mean,1,0.25,0.25,0.25,0.25,0.06795891978619661
uncostrained,mean,1,0.25,0.25,0.5,0.5,0.05059870564803035
uncostrained,mean,1,0.25,0.25,0.75,0.75,0.05252336652950344
uncostrained,mean,1,0.25,0.25,1.0,1.0,0.0664202277312177
uncostrained,mean,1,0.5,0.5,0.0,0.0,0.4058631910771053
uncostrained,mean,1,0.5,0.5,0.25,0.25,0.2984771826448225
uncostrained,mean,1,0.5,0.5,0.5,0.5,0.12415345886001453
uncostrained,mean,1,0.5,0.5,0.75,0.75,0.06569041897767179
uncostrained,mean,1,0.5,0.5,1.0,1.0,0.04397983585174639
uncostrained,mean,1,0.75,0.75,0.0,0.0,0.5743638329776874
uncostrained,mean,1,0.75,0.75,0.25,0.25,0.4423849790067626
uncostrained,mean,1,0.75,0.75,0.5,0.5,0.3022039635866009
uncostrained,mean,1,0.75,0.75,0.75,0.75,0.1115528721745063
uncostrained,mean,1,0.75,0.75,1.0,1.0,0.05421056144352921
uncostrained,mean,1,1.0,1.0,0.0,0.0,0.6403847597729772
uncostrained,mean,1,1.0,1.0,0.25,0.25,0.563442164418049
uncostrained,mean,1,1.0,1.0,0.5,0.5,0.3677256605104225
uncostrained,mean,1,1.0,1.0,0.75,0.75,0.183911476457143
uncostrained,mean,1,1.0,1.0,1.0,1.0,0.07514431878048597
uncostrained,mean,1,1.25,1.25,0.0,0.0,0.6779385991807351
uncostrained,mean,1,1.25,1.25,0.25,0.25,0.6215627641108556
uncostrained,mean,1,1.25,1.25,0.5,0.5,0.4872786343444699
uncostrained,mean,1,1.25,1.25,0.75,0.75,0.19191884341974128
uncostrained,mean,1,1.25,1.25,1.0,1.0,0.08330892058226326
uncostrained,mean,1,1.5,1.5,0.0,0.0,0.7045604749729499
uncostrained,mean,1,1.5,1.5,0.25,0.25,0.6901368388720491
uncostrained,mean,1,1.5,1.5,0.5,0.5,0.48450103931551125
uncostrained,mean,1,1.5,1.5,0.75,0.75,0.2607758690639104
uncostrained,mean,1,1.5,1.5,1.0,1.0,0.10073088728624247
uncostrained,mean,1,1.75,1.75,0.0,0.0,0.7217007195145541
uncostrained,mean,1,1.75,1.75,0.25,0.25,0.7124990149144151
uncostrained,mean,1,1.75,1.75,0.5,0.5,0.5615042287742739
uncostrained,mean,1,1.75,1.75,0.75,0.75,0.22777726549030508
uncostrained,mean,1,1.75,1.75,1.0,1.0,0.0923735801717113
uncostrained,mean,1,2.0,2.0,0.0,0.0,0.7305846204673091
uncostrained,mean,1,2.0,2.0,0.25,0.25,0.6835255502556757
uncostrained,mean,1,2.0,2.0,0.5,0.5,0.5068629242383923
uncostrained,mean,1,2.0,2.0,0.75,0.75,0.2835682322605606
uncostrained,mean,1,2.0,2.0,1.0,1.0,0.09174808721733844
uncostrained,mean,1,2.25,2.25,0.0,0.0,0.6898519836433773
uncostrained,mean,1,2.25,2.25,0.25,0.25,0.712539266669595
uncostrained,mean,1,2.25,2.25,0.5,0.5,0.584839635527555
uncostrained,mean,1,2.25,2.25,0.75,0.75,0.28663255230968593
uncostrained,mean,1,2.25,2.25,1.0,1.0,0.081958414890161
uncostrained,mean,1,2.5,2.5,0.0,0.0,0.7712677113826955
uncostrained,mean,1,2.5,2.5,0.25,0.25,0.6724520383315068
uncostrained,mean,1,2.5,2.5,0.5,0.5,0.5398290812703622
uncostrained,mean,1,2.5,2.5,0.75,0.75,0.2930588073885979
uncostrained,mean,1,2.5,2.5,1.0,1.0,0.08817623036797753
uncostrained,mean,1,2.75,2.75,0.0,0.0,0.7338865848070352
uncostrained,mean,1,2.75,2.75,0.25,0.25,0.722571171507215
uncostrained,mean,1,2.75,2.75,0.5,0.5,0.5403994329657461
uncostrained,mean,1,2.75,2.75,0.75,0.75,0.3012697482322971
uncostrained,mean,1,2.75,2.75,1.0,1.0,0.09008542403475557
uncostrained,mean,1,3.0,3.0,0.0,0.0,0.7066719609608321
uncostrained,mean,1,3.0,3.0,0.25,0.25,0.6628078642260068
uncostrained,mean,1,3.0,3.0,0.5,0.5,0.4830320269808169
uncostrained,mean,1,3.0,3.0,0.75,0.75,0.27021572095803675
uncostrained,mean,1,3.0,3.0,1.0,1.0,0.09134882243462493
uncostrained,mean,2,0.25,0.25,0.0,0.0,0.18248588933002508
uncostrained,mean,2,0.25,0.25,0.25,0.25,0.11272265695533074
uncostrained,mean,2,0.25,0.25,0.5,0.5,0.09310450517947086
uncostrained,mean,2,0.25,0.25,0.75,0.75,0.07858604089715245
uncostrained,mean,2,0.25,0.25,1.0,1.0,0.0766700462520162
uncostrained,mean,2,0.5,0.5,0.0,0.0,0.5096556670238506
uncostrained,mean,2,0.5,0.5,0.25,0.25,0.3552453219934539
uncostrained,mean,2,0.5,0.5,0.5,0.5,0.1784201078799802
uncostrained,mean,2,0.5,0.5,0.75,0.75,0.103998455507942
uncostrained,mean,2,0.5,0.5,1.0,1.0,0.06658782481631359
uncostrained,mean,2,0.75,0.75,0.0,0.0,0.6651947965209812
uncostrained,mean,2,0.75,0.75,0.25,0.25,0.5265729998090142
uncostrained,mean,2,0.75,0.75,0.5,0.5,0.3282147505616672
uncostrained,mean,2,0.75,0.75,0.75,0.75,0.15014356231589707
uncostrained,mean,2,0.75,0.75,1.0,1.0,0.0772812589447272
uncostrained,mean,2,1.0,1.0,0.0,0.0,0.7446333893289796
uncostrained,mean,2,1.0,1.0,0.25,0.25,0.6408194225833865
uncostrained,mean,2,1.0,1.0,0.5,0.5,0.43140682472781655
uncostrained,mean,2,1.0,1.0,0.75,0.75,0.2146389244261178
uncostrained,mean,2,1.0,1.0,1.0,1.0,0.09661647796716534
uncostrained,mean,2,1.25,1.25,0.0,0.0,0.7306293710955392
uncostrained,mean,2,1.25,1.25,0.25,0.25,0.7117060180863702
uncostrained,mean,2,1.25,1.25,0.5,0.5,0.5510279292979158
uncostrained,mean,2,1.25,1.25,0.75,0.75,0.22451742811256833
uncostrained,mean,2,1.25,1.25,1.0,1.0,0.1068053350688059
uncostrained,mean,2,1.5,1.5,0.0,0.0,0.7481377326056886
uncostrained,mean,2,1.5,1.5,0.25,0.25,0.7487982606759774
uncostrained,mean,2,1.5,1.5,0.5,0.5,0.5691278349546387
uncostrained,mean,2,1.5,1.5,0.75,0.75,0.28665556228325934
uncostrained,mean,2,1.5,1.5,1.0,1.0,0.12440840795179743
uncostrained,mean,2,1.75,1.75,0.0,0.0,0.7853917379764732
uncostrained,mean,2,1.75,1.75,0.25,0.25,0.7757359033029679
uncostrained,mean,2,1.75,1.75,0.5,0.5,0.6280192811274659
uncostrained,mean,2,1.75,1.75,0.75,0.75,0.26980614320139096
uncostrained,mean,2,1.75,1.75,1.0,1.0,0.12122638623757492
uncostrained,mean,2,2.0,2.0,0.0,0.0,0.8264612360321173
uncostrained,mean,2,2.0,2.0,0.25,0.25,0.7199192383342344
uncostrained,mean,2,2.0,2.0,0.5,0.5,0.6256765241627581
uncostrained,mean,2,2.0,2.0,0.75,0.75,0.3780037116803878
uncostrained,mean,2,2.0,2.0,1.0,1.0,0.12213776246936048
uncostrained,mean,2,2.25,2.25,0.0,0.0,0.7623895677814351
uncostrained,mean,2,2.25,2.25,0.25,0.25,0.7501921863809395
uncostrained,mean,2,2.25,2.25,0.5,0.5,0.6658182428855591
uncostrained,mean,2,2.25,2.25,0.75,0.75,0.3705525037427051
uncostrained,mean,2,2.25,2.25,1.0,1.0,0.1251272214579285
uncostrained,mean,2,2.5,2.5,0.0,0.0,0.8065456454150989
uncostrained,mean,2,2.5,2.5,0.25,0.25,0.7424690200683617
uncostrained,mean,2,2.5,2.5,0.5,0.5,0.6256043081768412
uncostrained,mean,2,2.5,2.5,0.75,0.75,0.38210039602435697
uncostrained,mean,2,2.5,2.5,1.0,1.0,0.12469822424908965
uncostrained,mean,2,2.75,2.75,0.0,0.0,0.7872384922650878
uncostrained,mean,2,2.75,2.75,0.25,0.25,0.7768382902832248
uncostrained,mean,2,2.75,2.75,0.5,0.5,0.6237230032344399
uncostrained,mean,2,2.75,2.75,0.75,0.75,0.388282661214417
uncostrained,mean,2,2.75,2.75,1.0,1.0,0.13684115491660317
uncostrained,mean,2,3.0,3.0,0.0,0.0,0.7826014752131993
uncostrained,mean,2,3.0,3.0,0.25,0.25,0.7266769760069437
uncostrained,mean,2,3.0,3.0,0.5,0.5,0.5798960934299026
uncostrained,mean,2,3.0,3.0,0.75,0.75,0.36872285913159075
uncostrained,mean,2,3.0,3.0,1.0,1.0,0.1295345245626235
uncostrained,mean,3,0.25,0.25,0.0,0.0,0.21412889569493565
uncostrained,mean,3,0.25,0.25,0.25,0.25,0.13444058782538124
uncostrained,mean,3,0.25,0.25,0.5,0.5,0.09988737759633318
uncostrained,mean,3,0.25,0.25,0.75,0.75,0.07848057972206567
uncostrained,mean,3,0.25,0.25,1.0,1.0,0.07666847841651209
uncostrained,mean,3,0.5,0.5,0.0,0.0,0.5653536096348439
uncostrained,mean,3,0.5,0.5,0.25,0.25,0.39510027452596763
uncostrained,mean,3,0.5,0.5,0.5,0.5,0.21006721662412364
uncostrained,mean,3,0.5,0.5,0.75,0.75,0.12232787700704718
uncostrained,mean,3,0.5,0.5,1.0,1.0,0.07102546494948288
uncostrained,mean,3,0.75,0.75,0.0,0.0,0.7064613712363691
uncostrained,mean,3,0.75,0.75,0.25,0.25,0.5849742104951495
uncostrained,mean,3,0.75,0.75,0.5,0.5,0.3634130684018812
uncostrained,mean,3,0.75,0.75,0.75,0.75,0.18140569702110657
uncostrained,mean,3,0.75,0.75,1.0,1.0,0.09193989797231511
uncostrained,mean,3,1.0,1.0,0.0,0.0,0.7920797565299631
uncostrained,mean,3,1.0,1.0,0.25,0.25,0.7157792728717212
uncostrained,mean,3,1.0,1.0,0.5,0.5,0.5035287371636492
uncostrained,mean,3,1.0,1.0,0.75,0.75,0.24939646654557454
uncostrained,mean,3,1.0,1.0,1.0,1.0,0.1157170220948846
uncostrained,mean,3,1.25,1.25,0.0,0.0,0.770344832588766
uncostrained,mean,3,1.25,1.25,0.25,0.25,0.7772040780070765
uncostrained,mean,3,1.25,1.25,0.5,0.5,0.6288629498452857
uncostrained,mean,3,1.25,1.25,0.75,0.75,0.2677550430597668
uncostrained,mean,3,1.25,1.25,1.0,1.0,0.1272736660350923
uncostrained,mean,3,1.5,1.5,0.0,0.0,0.7492282387649744
uncostrained,mean,3,1.5,1.5,0.25,0.25,0.7884152973342364
uncostrained,mean,3,1.5,1.5,0.5,0.5,0.6510098999489188
uncostrained,mean,3,1.5,1.5,0.75,0.75,0.3421800261564549
uncostrained,mean,3,1.5,1.5,1.0,1.0,0.14854092958337878
uncostrained,mean,3,1.75,1.75,0.0,0.0,0.8035275484415261
uncostrained,mean,3,1.75,1.75,0.25,0.25,0.8034150348828126
uncostrained,mean,3,1.75,1.75,0.5,0.5,0.7184595131108923
uncostrained,mean,3,1.75,1.75,0.75,0.75,0.3198934603442245
uncostrained,mean,3,1.75,1.75,1.0,1.0,0.1438833356986813
uncostrained,mean,3,2.0,2.0,0.0,0.0,0.832610252132222
uncostrained,mean,3,2.0,2.0,0.25,0.25,0.7445425130521034
uncostrained,mean,3,2.0,2.0,0.5,0.5,0.683330443423105
uncostrained,mean,3,2.0,2.0,0.75,0.75,0.4541197970901765
uncostrained,mean,3,2.0,2.0,1.0,1.0,0.14706516783002896
uncostrained,mean,3,2.25,2.25,0.0,0.0,0.7876489738132268
uncostrained,mean,3,2.25,2.25,0.25,0.25,0.7963154979110111
uncostrained,mean,3,2.25,2.25,0.5,0.5,0.7242234180006158
uncostrained,mean,3,2.25,2.25,0.75,0.75,0.44453262727884457
uncostrained,mean,3,2.25,2.25,1.0,1.0,0.1499593940401852
uncostrained,mean,3,2.5,2.5,0.0,0.0,0.8256278079023048
uncostrained,mean,3,2.5,2.5,0.25,0.25,0.7544159263269534
uncostrained,mean,3,2.5,2.5,0.5,0.5,0.6831316492256811
uncostrained,mean,3,2.5,2.5,0.75,0.75,0.4528841516929035
uncostrained,mean,3,2.5,2.5,1.0,1.0,0.1498837081534966
uncostrained,mean,3,2.75,2.75,0.0,0.0,0.8190748730845127
uncostrained,mean,3,2.75,2.75,0.25,0.25,0.8000320856051915
uncostrained,mean,3,2.75,2.75,0.5,0.5,0.7002182209226793
uncostrained,mean,3,2.75,2.75,0.75,0.75,0.467002221394988
uncostrained,mean,3,2.75,2.75,1.0,1.0,0.1664061328753585
uncostrained,mean,3,3.0,3.0,0.0,0.0,0.8240764537625582
uncostrained,mean,3,3.0,3.0,0.25,0.25,0.7616818738005967
uncostrained,mean,3,3.0,3.0,0.5,0.5,0.6299820120054136
uncostrained,mean,3,3.0,3.0,0.75,0.75,0.4454783091808425
uncostrained,mean,3,3.0,3.0,1.0,1.0,0.15585382858416538
uncostrained,median,0,0.25,0.25,0.0,0.0,0.04590125998266294
uncostrained,median,0,0.25,0.25,0.25,0.25,0.024432786141994317
uncostrained,median,0,0.25,0.25,0.5,0.5,0.027606503873839373
uncostrained,median,0,0.25,0.25,0.75,0.75,0.027451748194237027
uncostrained,median,0,0.25,0.25,1.0,1.0,0.03666726974171356
uncostrained,median,0,0.5,0.5,0.0,0.0,0.231779959285384
uncostrained,median,0,0.5,0.5,0.25,0.25,0.11833919228580034
uncostrained,median,0,0.5,0.5,0.5,0.5,0.032703713944873695
uncostrained,median,0,0.5,0.5,0.75,0.75,0.021202723668271032
uncostrained,median,0,0.5,0.5,1.0,1.0,0.01947386629659361
uncostrained,median,0,0.75,0.75,0.0,0.0,0.3863156543520655
uncostrained,median,0,0.75,0.75,0.25,0.25,0.28200955555029605
uncostrained,median,0,0.75,0.75,0.5,0.5,0.10771933096284925
uncostrained,median,0,0.75,0.75,0.75,0.75,0.028048749069361112
uncostrained,median,0,0.75,0.75,1.0,1.0,0.016865271422985367
uncostrained,median,0,1.0,1.0,0.0,0.0,0.47517427253870853
uncostrained,median,0,1.0,1.0,0.25,0.25,0.3984767531265784
uncostrained,median,0,1.0,1.0,0.5,0.5,0.16216925657769654
uncostrained,median,0,1.0,1.0,0.75,0.75,0.04927449023478378
uncostrained,median,0,1.0,1.0,1.0,1.0,0.03044128512473574
uncostrained,median,0,1.25,1.25,0.0,0.0,0.5661495962170296
uncostrained,median,0,1.25,1.25,0.25,0.25,0.43881442091905315
uncostrained,median,0,1.25,1.25,0.5,0.5,0.267106268994994
uncostrained,median,0,1.25,1.25,0.75,0.75,0.05192778465951794
uncostrained,median,0,1.25,1.25,1.0,1.0,0.0339984780419071
uncostrained,median,0,1.5,1.5,0.0,0.0,0.5492347656672965
uncostrained,median,0,1.5,1.5,0.25,0.25,0.5154209838759718
uncostrained,median,0,1.5,1.5,0.5,0.5,0.2800004805186948
uncostrained,median,0,1.5,1.5,0.75,0.75,0.08126968031616877
uncostrained,median,0,1.5,1.5,1.0,1.0,0.03439592639923941
uncostrained,median,0,1.75,1.75,0.0,0.0,0.5772202171644153
uncostrained,median,0,1.75,1.75,0.25,0.25,0.5696075641544347
uncostrained,median,0,1.75,1.75,0.5,0.5,0.3649085688286749
uncostrained,median,0,1.75,1.75,0.75,0.75,0.09481733387484717
uncostrained,median,0,1.75,1.75,1.0,1.0,0.037763389759255236
uncostrained,median,0,2.0,2.0,0.0,0.0,0.5564683550961272
uncostrained,median,0,2.0,2.0,0.25,0.25,0.5384147488360652
uncostrained,median,0,2.0,2.0,0.5,0.5,0.2949355846994081
uncostrained,median,0,2.0,2.0,0.75,0.75,0.11040445546232566
uncostrained,median,0,2.0,2.0,1.0,1.0,0.035594067415260625
uncostrained,median,0,2.25,2.25,0.0,0.0,0.5472681200009128
uncostrained,median,0,2.25,2.25,0.25,0.25,0.5976437528319865
uncostrained,median,0,2.25,2.25,0.5,0.5,0.3937793393105654
uncostrained,median,0,2.25,2.25,0.75,0.75,0.10553094909252074
uncostrained,median,0,2.25,2.25,1.0,1.0,0.033842459501690035
uncostrained,median,0,2.5,2.5,0.0,0.0,0.5765225322894219
uncostrained,median,0,2.5,2.5,0.25,0.25,0.5566073455687639
uncostrained,median,0,2.5,2.5,0.5,0.5,0.3475365146972427
uncostrained,median,0,2.5,2.5,0.75,0.75,0.10089914924010103
uncostrained,median,0,2.5,2.5,1.0,1.0,0.034111778261957874
uncostrained,median,0,2.75,2.75,0.0,0.0,0.5540921252916727
uncostrained,median,0,2.75,2.75,0.25,0.25,0.5365559812808245
uncostrained,median,0,2.75,2.75,0.5,0.5,0.3685411184636371
uncostrained,median,0,2.75,2.75,0.75,0.75,0.1113495835391297
uncostrained,median,0,2.75,2.75,1.0,1.0,0.03432214173550096
uncostrained,median,0,3.0,3.0,0.0,0.0,0.5642791516232257
uncostrained,median,0,3.0,3.0,0.25,0.25,0.5199260100587717
uncostrained,median,0,3.0,3.0,0.5,0.5,0.2985647049675215
uncostrained,median,0,3.0,3.0,0.75,0.75,0.12334709176555039
uncostrained,median,0,3.0,3.0,1.0,1.0,0.036934090230593235
uncostrained,median,1,0.25,0.25,0.0,0.0,0.08018801401629808
uncostrained,median,1,0.25,0.25,0.25,0.25,0.043820650889103446
uncostrained,median,1,0.25,0.25,0.5,0.5,0.04363701649153411
uncostrained,median,1,0.25,0.25,0.75,0.75,0.052421242723223294
uncostrained,median,1,0.25,0.25,1.0,1.0,0.06648386028657223
uncostrained,median,1,0.5,0.5,0.0,0.0,0.40329555178222287
uncostrained,median,1,0.5,0.5,0.25,0.25,0.26863343410578694
uncostrained,median,1,0.5,0.5,0.5,0.5,0.070566196838049
uncostrained,median,1,0.5,0.5,0.75,0.75,0.04650192378587118
uncostrained,median,1,0.5,0.5,1.0,1.0,0.041676310765049525
uncostrained,median,1,0.75,0.75,0.0,0.0,0.6117038221746584
uncostrained,median,1,0.75,0.75,0.25,0.25,0.447584656909123
uncostrained,median,1,0.75,0.75,0.5,0.5,0.27420338021293267
uncostrained,median,1,0.75,0.75,0.75,0.75,0.06059967533013854
uncostrained,median,1,0.75,0.75,1.0,1.0,0.0373807349084576
uncostrained,median,1,1.0,1.0,0.0,0.0,0.6910571367268331
uncostrained,median,1,1.0,1.0,0.25,0.25,0.583178242772777
uncostrained,median,1,1.0,1.0,0.5,0.5,0.34494662839192225
uncostrained,median,1,1.0,1.0,0.75,0.75,0.11513808654047314
uncostrained,median,1,1.0,1.0,1.0,1.0,0.06608134576091218
uncostrained,median,1,1.25,1.25,0.0,0.0,0.7269678292227091
uncostrained,median,1,1.25,1.25,0.25,0.25,0.6608756253613183
uncostrained,median,1,1.25,1.25,0.5,0.5,0.48366326686576366
uncostrained,median,1,1.25,1.25,0.75,0.75,0.1386131940048756
uncostrained,median,1,1.25,1.25,1.0,1.0,0.07449899867662936
uncostrained,median,1,1.5,1.5,0.0,0.0,0.7616534881522845
uncostrained,median,1,1.5,1.5,0.25,0.25,0.7568082745520286
uncostrained,median,1,1.5,1.5,0.5,0.5,0.5000776151526317
uncostrained,median,1,1.5,1.5,0.75,0.75,0.2164644431227244
uncostrained,median,1,1.5,1.5,1.0,1.0,0.0752108108729158
uncostrained,median,1,1.75,1.75,0.0,0.0,0.7831021717992682
uncostrained,median,1,1.75,1.75,0.25,0.25,0.7877872337427971
uncostrained,median,1,1.75,1.75,0.5,0.5,0.5547814624591869
uncostrained,median,1,1.75,1.75,0.75,0.75,0.16981039694564293
uncostrained,median,1,1.75,1.75,1.0,1.0,0.0758186212171986
uncostrained,median,1,2.0,2.0,0.0,0.0,0.7436800051339584
uncostrained,median,1,2.0,2.0,0.25,0.25,0.7474608712897352
uncostrained,median,1,2.0,2.0,0.5,0.5,0.4971248858190909
uncostrained,median,1,2.0,2.0,0.75,0.75,0.23627578371403588
uncostrained,median,1,2.0,2.0,1.0,1.0,0.07917079282907524
uncostrained,median,1,2.25,2.25,0.0,0.0,0.7459875713405133
uncostrained,median,1,2.25,2.25,0.25,0.25,0.7666490012142789
uncostrained,median,1,2.25,2.25,0.5,0.5,0.5802261618839059
uncostrained,median,1,2.25,2.25,0.75,0.75,0.21237213686565634
uncostrained,median,1,2.25,2.25,1.0,1.0,0.07220049294801191
uncostrained,median,1,2.5,2.5,0.0,0.0,0.8235769195797146
uncostrained,median,1,2.5,2.5,0.25,0.25,0.7185926700446638
uncostrained,median,1,2.5,2.5,0.5,0.5,0.5647195785336457
uncostrained,median,1,2.5,2.5,0.75,0.75,0.2290524068178996
uncostrained,median,1,2.5,2.5,1.0,1.0,0.07364472670084117
uncostrained,median,1,2.75,2.75,0.0,0.0,0.7963160317327719
uncostrained,median,1,2.75,2.75,0.25,0.25,0.7926491635821958
uncostrained,median,1,2.75,2.75,0.5,0.5,0.5062460219616377
uncostrained,median,1,2.75,2.75,0.75,0.75,0.23771760278837023
uncostrained,median,1,2.75,2.75,1.0,1.0,0.07528620324589312
uncostrained,median,1,3.0,3.0,0.0,0.0,0.7586051254316272
uncostrained,median,1,3.0,3.0,0.25,0.25,0.7276646326469843
uncostrained,median,1,3.0,3.0,0.5,0.5,0.4465483420118184
uncostrained,median,1,3.0,3.0,0.75,0.75,0.21545052666720202
uncostrained,median,1,3.0,3.0,1.0,1.0,0.07808816718217503
uncostrained,median,2,0.25,0.25,0.0,0.0,0.14347593950663132
uncostrained,median,2,0.25,0.25,0.25,0.25,0.06851192226316767
uncostrained,median,2,0.25,0.25,0.5,0.5,0.06691925536679394
uncostrained,median,2,0.25,0.25,0.75,0.75,0.07661566244163404
uncostrained,median,2,0.25,0.25,1.0,1.0,0.07671214648450643
uncostrained,median,2,0.5,0.5,0.0,0.0,0.519726929171064
uncostrained,median,2,0.5,0.5,0.25,0.25,0.3450039592781845
uncostrained,median,2,0.5,0.5,0.5,0.5,0.13616212114194412
uncostrained,median,2,0.5,0.5,0.75,0.75,0.0634574566582665
uncostrained,median,2,0.5,0.5,1.0,1.0,0.06258078172528747
uncostrained,median,2,0.75,0.75,0.0,0.0,0.7154488182197176
uncostrained,median,2,0.75,0.75,0.25,0.25,0.5351417079647953
uncostrained,median,2,0.75,0.75,0.5,0.5,0.33890428331137123
uncostrained,median,2,0.75,0.75,0.75,0.75,0.09662695355141751
uncostrained,median,2,0.75,0.75,1.0,1.0,0.05639230816157692
uncostrained,median,2,1.0,1.0,0.0,0.0,0.8047725421701298
uncostrained,median,2,1.0,1.0,0.25,0.25,0.6775529842007997
uncostrained,median,2,1.0,1.0,0.5,0.5,0.44439660204592923
uncostrained,median,2,1.0,1.0,0.75,0.75,0.18858187735303578
uncostrained,median,2,1.0,1.0,1.0,1.0,0.061720907089744426
uncostrained,median,2,1.25,1.25,0.0,0.0,0.7822818282506633
uncostrained,median,2,1.25,1.25,0.25,0.25,0.7505153300395444
uncostrained,median,2,1.25,1.25,0.5,0.5,0.5762218212630137
uncostrained,median,2,1.25,1.25,0.75,0.75,0.19824057119553531
uncostrained,median,2,1.25,1.25,1.0,1.0,0.10448172638657864
uncostrained,median,2,1.5,1.5,0.0,0.0,0.7967262933749749
uncostrained,median,2,1.5,1.5,0.25,0.25,0.7951124170033885
uncostrained,median,2,1.5,1.5,0.5,0.5,0.5915469449294731
uncostrained,median,2,1.5,1.5,0.75,0.75,0.25994067658069925
uncostrained,median,2,1.5,1.5,1.0,1.0,0.11513649002062556
uncostrained,median,2,1.75,1.75,0.0,0.0,0.8268103529544795
uncostrained,median,2,1.75,1.75,0.25,0.25,0.8473579587844383
uncostrained,median,2,1.75,1.75,0.5,0.5,0.5963695126099173
uncostrained,median,2,1.75,1.75,0.75,0.75,0.24828790152231145
uncostrained,median,2,1.75,1.75,1.0,1.0,0.11350649048237832
uncostrained,median,2,2.0,2.0,0.0,0.0,0.8784719620933034
uncostrained,median,2,2.0,2.0,0.25,0.25,0.7560122022727643
uncostrained,median,2,2.0,2.0,0.5,0.5,0.6711107710251674
uncostrained,median,2,2.0,2.0,0.75,0.75,0.37146772976039205
uncostrained,median,2,2.0,2.0,1.0,1.0,0.11310108237969368
uncostrained,median,2,2.25,2.25,0.0,0.0,0.8066353706627001
uncostrained,median,2,2.25,2.25,0.25,0.25,0.7740211008149437
uncostrained,median,2,2.25,2.25,0.5,0.5,0.6803964744898808
uncostrained,median,2,2.25,2.25,0.75,0.75,0.3504697988191807
uncostrained,median,2,2.25,2.25,1.0,1.0,0.11299045882985873
uncostrained,median,2,2.5,2.5,0.0,0.0,0.8468159462895205
uncostrained,median,2,2.5,2.5,0.25,0.25,0.7625838904115385
uncostrained,median,2,2.5,2.5,0.5,0.5,0.6025062304716149
uncostrained,median,2,2.5,2.5,0.75,0.75,0.36423776574261535
uncostrained,median,2,2.5,2.5,1.0,1.0,0.11454882516337632
uncostrained,median,2,2.75,2.75,0.0,0.0,0.8505319021747927
uncostrained,median,2,2.75,2.75,0.25,0.25,0.8325890242223302
uncostrained,median,2,2.75,2.75,0.5,0.5,0.5844991074497439
uncostrained,median,2,2.75,2.75,0.75,0.75,0.3947416850457628
uncostrained,median,2,2.75,2.75,1.0,1.0,0.11968122965617897
uncostrained,median,2,3.0,3.0,0.0,0.0,0.8410112345994122
uncostrained,median,2,3.0,3.0,0.25,0.25,0.7941441933119686
uncostrained,median,2,3.0,3.0,0.5,0.5,0.5489906944067592
uncostrained,median,2,3.0,3.0,0.75,0.75,0.3674190124000678
uncostrained,median,2,3.0,3.0,1.0,1.0,0.11723801934660244
uncostrained,median,3,0.25,0.25,0.0,0.0,0.1776467381697978
uncostrained,median,3,0.25,0.25,0.25,0.25,0.08050208219205654
uncostrained,median,3,0.25,0.25,0.5,0.5,0.0716992021787078
uncostrained,median,3,0.25,0.25,0.75,0.75,0.07661566244163404
uncostrained,median,3,0.25,0.25,1.0,1.0,0.07671214648450643
uncostrained,median,3,0.5,0.5,0.0,0.0,0.628085801726294
uncostrained,median,3,0.5,0.5,0.25,0.25,0.405715348253919
uncostrained,median,3,0.5,0.5,0.5,0.5,0.16507338203095384
uncostrained,median,3,0.5,0.5,0.75,0.75,0.07300822159548176
uncostrained,median,3,0.5,0.5,1.0,1.0,0.06675283384030664
uncostrained,median,3,0.75,0.75,0.0,0.0,0.77049547433907
uncostrained,median,3,0.75,0.75,0.25,0.25,0.6365676864195472
uncostrained,median,3,0.75,0.75,0.5,0.5,0.36844077104772943
uncostrained,median,3,0.75,0.75,0.75,0.75,0.1144937261322658
uncostrained,median,3,0.75,0.75,1.0,1.0,0.06753596339878873
uncostrained,median,3,1.0,1.0,0.0,0.0,0.8486597990680614
uncostrained,median,3,1.0,1.0,0.25,0.25,0.7767304611416908
uncostrained,median,3,1.0,1.0,0.5,0.5,0.5272057799733161
uncostrained,median,3,1.0,1.0,0.75,0.75,0.23089605917576916
uncostrained,median,3,1.0,1.0,1.0,1.0,0.07458099680181904
uncostrained,median,3,1.25,1.25,0.0,0.0,0.7974627754156923
uncostrained,median,3,1.25,1.25,0.25,0.25,0.8365372177607627
uncostrained,median,3,1.25,1.25,0.5,0.5,0.6909459900925394
uncostrained,median,3,1.25,1.25,0.75,0.75,0.23774817381454977
uncostrained,median,3,1.25,1.25,1.0,1.0,0.11823640646948233
uncostrained,median,3,1.5,1.5,0.0,0.0,0.7762919463023576
uncostrained,median,3,1.5,1.5,0.25,0.25,0.8414461349940485
uncostrained,median,3,1.5,1.5,0.5,0.5,0.6936121541801785
uncostrained,median,3,1.5,1.5,0.75,0.75,0.31157428282962746
uncostrained,median,3,1.5,1.5,1.0,1.0,0.13780911761505887
uncostrained,median,3,1.75,1.75,0.0,0.0,0.8211006587300769
uncostrained,median,3,1.75,1.75,0.25,0.25,0.8452543848151345
uncostrained,median,3,1.75,1.75,0.5,0.5,0.7398282004698954
uncostrained,median,3,1.75,1.75,0.75,0.75,0.2976299855510383
uncostrained,median,3,1.75,1.75,1.0,1.0,0.13620371386098717
uncostrained,median,3,2.0,2.0,0.0,0.0,0.8571796606359714
uncostrained,median,3,2.0,2.0,0.25,0.25,0.7720413832729618
uncostrained,median,3,2.0,2.0,0.5,0.5,0.7430156921112493
uncostrained,median,3,2.0,2.0,0.75,0.75,0.44575959632387324
uncostrained,median,3,2.0,2.0,1.0,1.0,0.13572126666947684
uncostrained,median,3,2.25,2.25,0.0,0.0,0.8278556069784264
uncostrained,median,3,2.25,2.25,0.25,0.25,0.8248953574493317
uncostrained,median,3,2.25,2.25,0.5,0.5,0.7536771250751803
uncostrained,median,3,2.25,2.25,0.75,0.75,0.4205624594015213
uncostrained,median,3,2.25,2.25,1.0,1.0,0.13558855029958547
uncostrained,median,3,2.5,2.5,0.0,0.0,0.8625249890721033
uncostrained,median,3,2.5,2.5,0.25,0.25,0.7757007476292734
uncostrained,median,3,2.5,2.5,0.5,0.5,0.6935749682180055
uncostrained,median,3,2.5,2.5,0.75,0.75,0.4370852972630289
uncostrained,median,3,2.5,2.5,1.0,1.0,0.13745859016125753
uncostrained,median,3,2.75,2.75,0.0,0.0,0.8325867705064722
uncostrained,median,3,2.75,2.75,0.25,0.25,0.8259478824400738
uncostrained,median,3,2.75,2.75,0.5,0.5,0.710501729670014
uncostrained,median,3,2.75,2.75,0.75,0.75,0.4736900220150725
uncostrained,median,3,2.75,2.75,1.0,1.0,0.14532720743025068
uncostrained,median,3,3.0,3.0,0.0,0.0,0.8538468709014764
uncostrained,median,3,3.0,3.0,0.25,0.25,0.820286442551646
uncostrained,median,3,3.0,3.0,0.5,0.5,0.6213403625299098
uncostrained,median,3,3.0,3.0,0.75,0.75,0.4409028148629062
uncostrained,median,3,3.0,3.0,1.0,1.0,0.1406856232159213
