Gene,Expt,y,x,neighbour
6330403K07Rik,1,17130.7912507607,8535.63299338468,1298
6330403K07Rik,1,17078.3333340299,10487.6069746654,2212
6330403K07Rik,1,14031.8694978467,7237.96863923082,566
6330403K07Rik,1,15175.6829783865,7483.61211441764,722
6330403K07Rik,1,16007.6207287286,12779.1046110302,3215
6330403K07Rik,1,15986.360172717,12785.5176135593,3215
6330403K07Rik,1,15998.645138947,12760.505197532,3215
6330403K07Rik,1,15985.2970632906,12777.093957268,3215
6330403K07Rik,1,15980.3138932704,12767.9138400442,3215
6330403K07Rik,1,17800.283538044,11615.4192896746,2636
6330403K07Rik,1,17803.1307318973,11597.6005372983,2636
6330403K07Rik,1,16154.7185921948,9724.20999151757,1886
6330403K07Rik,1,16421.9860197838,9455.64020147502,1775
6330403K07Rik,1,15592.6530633352,7332.46937782344,615
6330403K07Rik,1,15568.9096747754,7332.78914147187,615
6330403K07Rik,1,15588.9103089416,7302.81221710602,615
6330403K07Rik,1,15558.9476877992,7313.99928270058,615
6330403K07Rik,1,15336.8999124014,7215.60680123113,556
6330403K07Rik,1,15323.3962266664,7222.27370047312,556
6330403K07Rik,1,16709.0259783941,8118.92093387498,1100
6330403K07Rik,1,17520.2585460206,12664.0259500504,3149
6330403K07Rik,1,17538.8138404644,12659.8676018541,3149
6330403K07Rik,1,18068.1000094519,10673.1437448672,2279
Adgrl2,2,17429.0690388581,8746.56087582062,1416
Aldoc,3,16778.8008965334,12751.3856759255,3214
Aldoc,3,15267.96072195,8620.99630062419,1328
Aldoc,3,15275.7128933807,8615.72208140239,1328
Aldoc,3,16917.1789730081,11186.0333283992,2461
Aldoc,3,16902.454198272,11179.3001098875,2461
Aldoc,3,15207.5198875419,7765.73693765942,902
Aldoc,3,17085.8169087503,9722.60716070543,1889
Aldoc,3,16075.7042125599,9001.46498799593,1540
Aldoc,3,17315.3867688325,12735.9654808197,3205
Aldoc,3,17307.5138155859,12738.9371313384,3205
Aldoc,3,17413.7687106597,8755.68860728471,1416
Arpp21,4,15573.7608965092,7315.74219059673,615
Bcl11b,5,16166.5170722639,9740.18187577017,1886
Bcl11b,5,16086.5107722334,8992.82107191911,1540
Bcl11b,5,17398.4033330999,9371.95114026297,1728
Bcl11b,5,14517.9992865031,7106.48189427834,469
Bcl11b,5,16909.0438880788,7968.87969037367,1020
Cadps2,6,15977.1066924481,12747.0839773195,3215
Cadps2,6,15235.1952463752,7526.57002379044,752
Cadps2,6,15226.8110317961,7531.46234821642,752
Cadps2,6,14240.9522510551,7049.17288804285,431
Calb1,7,17408.5468464058,8756.46096046064,1416
Calb2,8,18162.8857286673,9449.76642377876,1765
Cck,9,17071.1388573811,10482.6724200994,2212
Cck,9,16884.2726066646,11799.8808946417,2721
Cck,9,16876.9241257342,11812.8137313866,2721
Cck,9,16877.9261711163,11789.7384316046,2721
Cck,9,16378.0690663425,13172.5774120772,3390
Cck,9,16359.8947388207,13179.216728285,3390
Cck,9,16984.1035435313,13451.4161415878,3452
Cck,9,16973.6246426683,13478.9843803334,3452
Cck,9,16978.4532091772,13457.9599252978,3452
Cck,9,16975.885126579,13460.1432700061,3452
Cck,9,16994.2343017258,13463.0291111992,3452
Cck,9,16983.6371245453,13454.3806817746,3452
Cck,9,16991.3289274978,13467.0353134912,3452
Cck,9,16964.7252545552,13469.6257011531,3452
Cck,9,16985.3198401978,13468.150417504,3452
Cck,9,16984.7883146222,13450.0209238061,3452
Cck,9,16982.1261104372,13465.3819235478,3452
Cck,9,16978.1530457856,13451.4312279252,3452
Cck,9,16977.3784695176,13451.7956403407,3452
Cck,9,16974.7166353216,13468.685836357,3452
Cck,9,16007.287007946,12777.2776330965,3215
Cck,9,15981.8861221165,12776.6633268674,3215
Cck,9,16003.6994437035,12766.8465314287,3215
Cck,9,15999.0913306779,12781.3609078304,3215
Cck,9,15975.5323915772,12768.2884612332,3215
Cck,9,15980.2104419658,12770.1322407636,3215
Cck,9,15985.104355443,12767.7765217675,3215
Cck,9,15240.2536265262,7516.99608011468,752
Cck,9,15230.387676701,7522.80578002432,752
Cck,9,15236.0276625911,7506.34828762401,752
Cck,9,14202.0160016866,7054.98029257881,420
Cck,9,14206.8073595664,7050.29298792842,423
Cck,9,14231.4365793608,7040.76722308088,423
Cck,9,14216.2977727452,7059.44906136857,423
Cck,9,17812.9338644069,10395.7498338449,2170
Cck,9,17835.0451580653,10381.037412034,2170
Cck,9,17825.207484159,10358.3972322185,2155
Cck,9,17820.5703475239,10383.8603585271,2170
Cck,9,16743.6092524963,9518.90556923316,1808
Cck,9,16734.4615435895,9527.35543721669,1808
Cck,9,16744.8215844248,9538.25618709013,1808
Cck,9,16738.4179672517,9537.98831962434,1808
Cck,9,16743.5642262881,9535.82520867816,1808
Cck,9,16743.1103924399,9528.51306785287,1808
Cck,9,16736.3597600456,9520.91347012055,1808
Cck,9,16731.0746986257,9527.78998068424,1808
Cck,9,16745.6611378987,9522.51652651303,1808
Cck,9,17815.3939338243,11611.8818261774,2636
Cck,9,17814.7137873115,11606.7461364271,2636
Cck,9,17816.0682400255,11600.1595003578,2636
Cck,9,17808.3394601278,11592.7586848556,2636
Cck,9,17797.1845917335,11597.8973870305,2636
Cck,9,17805.4384058531,11601.6613457651,2636
Cck,9,17809.7763412235,11609.7327199373,2636
Cck,9,16903.2676840972,8668.15951879783,1368
Cck,9,16900.1949835371,8680.23703497262,1368
Cck,9,17022.8963701275,9156.01959319287,1613
Cck,9,17025.3193537398,9147.31914550594,1613
Cck,9,17178.9127925897,8589.14883604818,1315
Cck,9,17182.5323018685,8575.34761852395,1315
Cck,9,17168.6606450605,8576.93005708981,1315
Cck,9,17174.7899214159,8574.30209483828,1315
Cck,9,17161.4829741614,8556.97371489671,1315
Cck,9,17178.4332258478,8567.57438151818,1315
Cck,9,15577.5455538096,7323.13356752281,615
Cck,9,15575.1982514241,7306.80245061864,615
Cck,9,15323.9884347474,7213.86102597916,556
Cck,9,17334.8315029498,12725.3980025688,3183
Cck,9,15129.8599924734,7070.72369108536,427
Cck,9,16717.4625014717,8099.58824363537,1081
Cck,9,18055.6092753948,10675.8010091889,2279
Cdh13,10,15385.0076629495,6927.96110269896,287
Cdh13,10,17501.467799679,12665.9119685242,3156
Chrm2,11,16149.1643118969,9734.26077866822,1886
Cnr1,12,15204.4285571954,7742.80064495797,902
Cnr1,12,16980.2888513869,13473.0776815081,3452
Cnr1,12,16982.2625056824,13464.3098910241,3452
Cnr1,12,16992.6411968989,13461.4276518144,3452
Cnr1,12,16973.4765486601,13451.9360393235,3452
Cnr1,12,16981.1232368995,13454.6908712348,3452
Cnr1,12,16996.3402924372,13454.8547786001,3452
Cnr1,12,15989.8154928853,12781.2222285277,3215
Cnr1,12,15229.8441529353,7529.53269791414,752
Cnr1,12,15242.6147025235,7519.08294938777,752
Cnr1,12,15242.3528943072,7513.54142012266,752
Cnr1,12,15249.4459404641,7512.74433966512,752
Cnr1,12,15226.9132387287,7518.54174584558,752
Cnr1,12,15231.7702452383,7527.91631477702,752
Cnr1,12,15223.4714976058,7518.83541847533,752
Cnr1,12,15231.0410015618,7512.30733434918,752
Cnr1,12,15241.6296228635,7521.690193268,752
Cnr1,12,15227.5055908524,7514.24272552878,752
Cnr1,12,14233.3860249695,7034.54230984225,423
Cnr1,12,14216.1879220436,7042.28581158167,423
Cnr1,12,14214.5249318508,7042.30754471725,423
Cnr1,12,14226.9525906628,7039.86080266926,423
Cnr1,12,17806.0664671369,10365.3717544894,2160
Cnr1,12,16746.6430908526,9526.52811688032,1808
Cnr1,12,16737.5187766182,9538.23244110922,1808
Cnr1,12,16732.826396884,9533.81959383867,1808
Cnr1,12,16732.1496439398,9525.82572546926,1808
Cnr1,12,16732.1047192257,9524.2691489129,1808
Cnr1,12,16719.5104418126,9527.45531325839,1808
Cnr1,12,16740.9610643639,9530.64294802543,1808
Cnr1,12,16746.246487957,9530.80986234295,1808
Cnr1,12,16745.3621649945,9530.88180349457,1808
Cnr1,12,16736.2526542127,9533.12277805986,1808
Cnr1,12,16734.6578178892,9518.0894645052,1808
Cnr1,12,16733.0094494706,9534.34581298788,1808
Cnr1,12,16730.7006484492,9541.01609629817,1808
Cnr1,12,16736.2261356135,9534.19601404085,1808
Cnr1,12,17793.8881917674,11612.0806767694,2636
Cnr1,12,17810.6613371385,11601.5558883509,2636
Cnr1,12,16910.388302566,8672.91957456906,1368
Cnr1,12,16928.2186485035,8674.1956149856,1368
Cnr1,12,16906.1043933244,8672.74128706717,1368
Cnr1,12,17164.3216471065,8570.41363452218,1315
Cnr1,12,17173.1437295062,8574.24890191721,1315
Cnr1,12,17165.9825733301,8572.64249732266,1315
Cnr1,12,17181.0240995225,8565.71003256698,1315
Cnr1,12,17176.225067292,8579.01920273384,1315
Cnr1,12,17166.873786669,8562.05717230346,1315
Cnr1,12,16143.0901800311,9739.72639992387,1886
Cnr1,12,18105.9179310634,9695.96923326193,1873
Col25a1,13,16983.6772249616,13446.4560073576,3452
Col25a1,13,15988.358938943,12755.0723680329,3215
Col25a1,13,16726.7044198733,9523.79039198779,1808
Col25a1,13,16745.5012043486,9516.31531928989,1808
Col25a1,13,16583.5784909185,7958.88770899148,998
Col25a1,13,15379.4035656842,6904.77733037842,295
Col25a1,13,17211.6360683606,9300.61778812853,1698
Col25a1,13,17226.8072084555,9293.85047272659,1698
Cort,14,18117.9147729549,9693.62312426635,1873
Cox6a2,15,18000.4711569409,8963.01871096601,1510
Cox6a2,15,16254.302141884,9756.19545787732,1905
Cplx2,16,18002.2674543081,8954.69720304476,1510
Cplx2,16,16986.6828584892,13464.4934225155,3452
Cplx2,16,16978.3417839078,13472.3831913267,3452
Cplx2,16,15975.6639305876,12758.5709964453,3215
Cplx2,16,15985.9800194067,12771.2103018076,3215
Cplx2,16,15228.8317815925,7518.6752872983,752
Cplx2,16,14215.0034226011,7055.39972837754,423
Cplx2,16,16739.156358449,9539.20057562194,1808
Cplx2,16,16740.2375159045,9542.76412698774,1808
Cplx2,16,16730.2472880038,9529.33309342346,1808
Cplx2,16,16737.6421821778,9518.1975913034,1808
Cplx2,16,17173.3407136875,8575.0931233621,1315
Cplx2,16,16083.6901294047,8982.20927685135,1540
Cplx2,16,16431.9250135513,9447.42512017667,1775
Cplx2,16,16437.681278828,9459.94433575407,1775
Cplx2,16,16903.3066660313,7977.80006130718,1020
Cplx2,16,18059.6578721668,10673.276996342,2279
Cplx2,16,18064.6030611858,10652.1912037776,2279
Cpne5,17,15985.8816020591,12768.6798286563,3215
Cpne5,17,15234.7766198439,7519.89313172952,752
Cpne5,17,14214.960706995,7056.80305641078,423
Crh,18,18169.7427553809,9433.85196358851,1765
Crhbp,19,17444.6700789966,8749.78034011192,1416
Crhbp,19,17427.2157528486,8749.61434507965,1416
Cryab,20,14696.6556441512,7956.21319682972,1001
Cryab,20,17080.6272864496,10484.5987924638,2212
Cryab,20,16364.1029338422,13171.5469748758,3390
Cryab,20,16243.1945780992,9756.63225713933,1905
Cryab,20,16257.7681597202,9762.30861255707,1905
Cryab,20,18173.6337054176,10720.0513566367,2293
Cryab,20,18182.4327611651,10724.5717872759,2293
Cryab,20,17499.7848934777,13149.3997939493,3386
Cryab,20,17505.0206806107,13152.1856680633,3386
Cryab,20,17511.8952065278,13152.2092491226,3386
Cryab,20,17489.9995229372,13150.5935354003,3386
Crym,21,16719.1378620049,9520.63957810924,1808
Cux2,22,16061.2656922532,7537.32883971955,770
Cxcl14,23,16776.6620731649,12763.6620422305,3214
Cxcl14,23,15179.335923478,8212.17852715144,1138
Cxcl14,23,15190.2655512989,8198.13793653143,1131
Cxcl14,23,17984.468417226,8957.89442063293,1510
Cxcl14,23,15209.9271683612,7762.32683178699,902
Cxcl14,23,16239.3837258167,9758.53452631683,1905
Cxcl14,23,16250.5630145856,9757.69445054878,1905
Cxcl14,23,16261.0710399754,9747.52522899087,1905
Cxcl14,23,16251.6784329699,9768.48771200181,1905
Cxcl14,23,15980.7349967889,12788.1210629161,3215
Cxcl14,23,15984.3336827836,12778.6088647296,3215
Cxcl14,23,15995.3618034917,12777.8157942701,3215
Cxcl14,23,16005.690155387,12757.150011537,3215
Cxcl14,23,15999.0422738081,12785.0480065043,3215
Cxcl14,23,15240.4836642852,7526.79531687265,752
Cxcl14,23,15229.9933601921,7512.12060483144,752
Cxcl14,23,14224.8771947137,7056.87474203827,423
Cxcl14,23,14221.2526547,7059.70287505161,423
Cxcl14,23,14216.1112817525,7039.14577107778,423
Cxcl14,23,17820.1916636249,10384.4073613871,2170
Cxcl14,23,17811.8539212904,10392.7353960654,2170
Cxcl14,23,17817.3779765726,10371.8653254564,2170
Cxcl14,23,16438.0298651953,9456.14094546377,1775
Cxcl14,23,16430.3568636939,9457.08455514305,1775
Cxcl14,23,16439.8797007088,9457.83996344727,1775
Enc1,24,16429.1040608158,9455.91390122982,1775
Enc1,24,16568.947032385,7954.54583953555,998
Enc1,24,16592.4383935047,7943.72037653696,998
Enc1,24,15572.9647966624,7317.591414398,615
Enpp2,25,17077.7748982769,9732.99487085928,1889
Enpp2,25,17091.1267576304,9705.51798929728,1889
Enpp2,25,17084.7935603152,9724.93745839881,1889
Enpp2,25,17089.2951319038,9718.47173247592,1889
Enpp2,25,17087.0106966526,9719.2885617726,1889
Enpp2,25,17092.427743338,9717.19325867952,1889
Enpp2,25,17108.2282654166,9717.65331617733,1889
Enpp2,25,17088.8247689078,9722.95958051722,1889
Enpp2,25,17097.3270872599,9729.70269810355,1889
Enpp2,25,17082.2340607363,9717.82038292088,1889
Enpp2,25,16443.7094805015,9471.58056487565,1775
Enpp2,25,18161.5977464281,10723.0462432381,2293
Enpp2,25,18167.2202699176,10707.07264819,2293
Enpp2,25,17297.1543718618,13531.1952357442,3465
Fam19a1,26,17564.5379374159,12597.083767976,3099
Fos,27,14236.3324615793,7040.94724904965,423
Fos,27,17804.6365215959,11604.581071153,2636
Fos,27,18264.6226152721,11140.5948057546,2443
Gabrd,28,15419.9144734966,6900.07444137677,3482
Gabrd,28,18104.1045817931,9685.74002610106,1873
Gad1,29,17048.4013671329,10507.3275956961,3482
Gad1,29,16363.6749207807,13174.8576772705,3390
Gad1,29,18006.1817579008,8958.86734509542,1510
Gad1,29,17991.7616639678,8957.23702847197,1510
Gad1,29,18154.118019251,9452.35626897944,1765
Gad1,29,18156.9409109786,9445.3070324803,1765
Gad1,29,15209.7508608569,7780.12535054548,902
Gad1,29,15227.5016235778,7767.68780668144,902
Gad1,29,15775.8267040387,7829.1531377733,935
Gad1,29,16991.0918442395,13455.4961436438,3452
Gad1,29,16985.9204014136,13458.5665925095,3452
Gad1,29,16990.4346742355,13456.3700383826,3452
Gad1,29,15983.2119887735,12769.9783019106,3215
Gad1,29,15251.5382277859,7518.83858499389,752
Gad1,29,16737.7171484782,9543.11021691949,1808
Gad1,29,16098.4918371168,9011.26789572393,1540
Gad1,29,16440.1706244842,9445.47552231813,1761
Gad1,29,17323.3115310513,12748.5497690701,3205
Gad1,29,15137.1201808931,7062.39810746915,427
Gad1,29,16055.7812206978,7544.81580278765,777
Gad1,29,16907.8542570352,7977.32901857039,1020
Gad1,29,17613.2405237894,12502.4527980355,3051
Gad1,29,16496.0844173789,8005.22024352103,1038
Gad1,29,17521.1180766782,12659.4550170581,3149
Gad1,29,18057.7702831724,10671.5350286404,2279
Grin3a,30,16984.9761239547,13468.430539398,3452
Grin3a,30,15584.0900326836,7304.72490011321,615
Grin3a,30,16060.9727588233,7548.1522015304,777
Grin3a,30,17594.4401127859,12586.8311989259,3099
Grin3a,30,18053.2970294022,10655.5594280382,2279
Grin3a,30,18057.9001115043,10663.8199416144,2279
Hapln1,31,17994.9171545194,8970.34003810075,1510
Htr3a,32,15614.4333097343,7604.21957985383,803
Htr3a,32,17815.2381672517,10385.8232066711,2170
Htr3a,32,17819.4397370402,10381.2564565785,2170
Htr3a,32,16902.1883029894,8683.72858318492,1368
Id2,33,17981.3634654573,8950.31350845701,1510
Id2,33,18151.3424065957,9449.5046479066,1765
Id2,33,16251.6447829545,9765.57049062974,1905
Id2,33,15226.8287431353,7519.79144730003,752
Id2,33,16747.9186001099,9521.0388146838,1808
Id2,33,17086.983095389,9731.65125439186,1889
Id2,33,18271.1121441592,11143.3348619633,2443
Id2,33,16076.7860341685,8992.80186360591,1540
Id2,33,17589.2236962192,12506.5535514072,3064
Kcnk2,34,15278.8449051074,8590.0595221176,1328
Kcnk2,34,15186.7162885966,8213.41269333165,1138
Kcnk2,34,16972.6479505422,13452.9863070616,3452
Kcnk2,34,15139.8852617621,7062.42365436518,427
Kcnk2,34,18122.4046432373,9687.34325837294,1873
Kcnk2,34,17528.9095655149,12650.526556933,3149
Kctd12,35,15984.6008964697,12777.1744814739,3215
Kctd12,35,15237.5526330951,7530.59802224301,752
Kctd12,35,15226.1018883811,7513.32984477772,752
Kctd12,35,15253.9350160699,7519.53868538417,752
Kctd12,35,16743.5171870708,9542.9148795792,1808
Kctd12,35,16732.5532737338,9531.09199955046,1808
Kctd12,35,16730.6950879115,9528.74062003738,1808
Kctd12,35,16753.0598202915,9522.95476955985,1808
Kctd12,35,16744.1022561662,9518.41297681105,1808
Kctd12,35,16091.0825975077,8988.27742478416,1540
Kctd12,35,16913.8927169675,7968.75692386439,1020
Kctd12,35,17203.5783414536,9309.2483854726,1698
Kctd12,35,17211.7421926228,9317.93420652295,1698
Kit,36,15189.1916228275,8204.49586636204,1138
Kit,36,17996.8013311858,8955.28549073907,1510
Kit,36,17979.2074396274,8965.7134699898,1510
Kit,36,17383.1239221418,9376.77255372859,1727
Lamp5,37,16374.5112204662,13175.1125606591,3390
Lamp5,37,16158.9568323782,9715.28098232551,1886
Lhx6,38,15122.2118605613,7048.54980896583,427
Lhx6,38,17585.4063721674,12531.5914652406,3064
Ndnf,39,16907.2885973262,7983.19090317405,1020
Nos1,40,14506.0059540083,7108.08993486425,469
Nos1,40,14505.0435344481,7099.87913197088,469
Nos1,40,14525.4719998653,7092.63031584379,3482
Npy,41,17068.9998178471,10476.3148958428,2212
Npy,41,16878.5541708677,11796.3773658005,2721
Npy,41,16883.4347300749,11810.3380668225,2721
Npy,41,16880.3889233605,11805.7697510376,2721
Npy,41,16867.7604281488,11798.6397562806,2721
Npy,41,16878.6666005172,11803.256175397,2721
Npy,41,15208.7456024103,8215.18868322576,1138
Npy,41,15197.6486933109,8213.69056420751,1138
Npy,41,15181.1093471246,8209.16765820182,1138
Npy,41,15206.0600253221,8207.28410512597,1138
Npy,41,15199.6532973321,8208.16802169032,1138
Npy,41,16357.0051129859,13186.1763968764,3390
Npy,41,16381.0764425233,13169.867221654,3390
Npy,41,16381.3135660171,13164.6107276708,3390
Npy,41,16370.0061953532,13167.4684415428,3390
Npy,41,16358.8383564587,13187.5205676751,3390
Npy,41,16389.8567490468,13160.2350496342,3390
Npy,41,16382.2623660463,13164.1299310803,3390
Npy,41,16364.5620843885,13172.7912646725,3390
Npy,41,17984.8028966315,8953.86385894437,1510
Npy,41,17994.1959213752,8952.76985684443,1510
Npy,41,15239.2430913485,7510.37419056849,752
Npy,41,14220.8342759945,7045.04074365811,423
Npy,41,17821.3752380119,10386.0777789656,2170
Npy,41,17811.2614654575,10371.7281323039,2170
Npy,41,17827.2845001089,10368.6649233212,2170
Npy,41,17795.6827608722,11602.5981356107,2636
Npy,41,18117.4288663521,9689.57423977774,1873
Npy,41,18133.43204655,9693.12060249502,1873
Npy,41,16921.0008251326,7976.53380373834,1020
Npy,41,16905.5583804638,7967.35157947025,1020
Npy,41,16915.4985247393,7984.80171480977,1020
Npy,41,16930.3837285786,7990.0473061605,1020
Npy,41,16909.9198612086,7982.26598972534,1020
Npy,41,16923.7753718809,7982.50685394585,1020
Npy,41,16498.3607276864,8016.91267391492,1038
Npy,41,17432.5323677197,8757.0807120366,1416
Npy,41,17440.0534462968,8771.59751563065,1416
Npy,41,17420.6030963512,8762.57289891271,1416
Npy,41,17417.2963546311,8747.34835655667,1416
Npy,41,17427.732198336,8768.64498021041,1416
Npy,41,17423.9351766745,8764.97645495837,1416
Npy,41,17419.9275032728,8754.64428302246,1416
Npy,41,17431.0971873929,8753.34541181513,1416
Npy,41,17418.9691348449,8761.52063113543,1416
Npy,41,17433.0315287824,8757.16702757699,1416
Npy,41,17416.8021246674,8756.88447462301,1416
Npy,41,17430.5493742612,8750.93931878161,1416
Npy,41,17424.2848520434,8759.89923490118,1416
Npy,41,17431.9402641593,8760.347385152,1416
Npy,41,17427.0422325612,8755.24027175572,1416
Npy,41,17425.6826483627,8752.71384652335,1416
Npy,41,17438.1226097689,8750.77542349868,1416
Npy,41,17427.5711257881,8767.93805832173,1416
Npy,41,17428.5266683496,8767.20052420534,1416
Npy,41,17402.3098918004,8765.9901195869,1416
Npy,41,17439.3381211196,8771.06317053937,1416
Npy,41,17429.861476437,8762.6195234579,1416
Npy,41,17410.3527029448,8755.04685618807,1416
Npy,41,17426.2205708954,8752.83470064234,1416
Npy,41,17414.219474324,8749.34772200847,1416
Npy,41,17426.6909681639,8763.1146609007,1416
Npy,41,17422.490307406,8766.439188318,1416
Npy,41,17523.0248566129,12651.0338295638,3149
Npy,41,17515.624960468,12649.0807658796,3149
Npy,41,17596.4078526483,12620.1266507149,3482
Npy,41,17591.1197439544,12590.0703384835,3099
Nr4a2,42,18110.3962631077,9674.9613483882,1873
Nrn1,43,15332.5379184782,7227.24741133207,556
Nrsn1,44,16375.1278647938,13180.9907663168,3390
Nrsn1,44,16249.5085005221,9758.01462980811,1905
Nrsn1,44,15622.83637532,7596.43180044375,803
Nrsn1,44,14213.3474402667,7040.86345592734,423
Nrsn1,44,14200.7416343161,7033.00369996295,423
Nrsn1,44,17821.1809161342,11609.2921065567,2636
Nrsn1,44,16428.1559088404,9457.39321453169,1775
Nrsn1,44,16582.1719398147,7957.96547253134,998
Nrsn1,44,15323.6899045858,7228.01565867133,556
Nrsn1,44,14503.3560605913,7121.25230217447,469
Nrsn1,44,17331.8354823533,12740.1920121212,3205
Nrsn1,44,17319.7655364644,12744.0548266283,3205
Nrsn1,44,15141.6516297612,7059.25444363163,427
Nrsn1,44,15120.8268770495,7061.1270952956,427
Nrsn1,44,18114.6014420712,9681.1018284088,1873
Nrsn1,44,16043.1706233693,7550.20246266936,777
Nrsn1,44,17600.4199051163,12488.3284532909,3045
Nrsn1,44,17589.0814880509,12469.7661484931,3045
Nrsn1,44,17429.4922509611,8772.97682332496,1416
Nrsn1,44,17193.46544693,9320.66139383424,1698
Nrsn1,44,17580.5489184888,12608.8619888821,3099
Nrsn1,44,17587.9081657458,12591.724554892,3099
Nrsn1,44,17571.9677113513,12599.9743842718,3099
Nrsn1,44,18054.4135739381,10666.5208669889,2279
Nrsn1,44,18056.4160652673,10671.3242472714,2279
Nrsn1,44,14446.803355364,6364.9996026667,105
Nrsn1,44,16674.5523792955,9332.55795890852,1708
Ntng1,45,17169.0236133864,8578.53601261823,1315
Ntng1,45,16148.5100701738,9742.31564104508,1886
Ntng1,45,16162.0693800315,9734.16840806553,1886
Ntng1,45,16144.1773618568,9722.91479553112,1886
Ntng1,45,16179.191465022,9740.85899321767,1886
Ntng1,45,16151.180177605,9736.05522680662,1886
Ntng1,45,16171.5983896361,9728.78982087954,1886
Ntng1,45,16087.2889965084,8990.82031282864,1540
Ntng1,45,16096.6738663705,9001.54927449475,1540
Ntng1,45,16585.809869659,7957.11912986937,998
Ntng1,45,16585.0202872912,7955.53388672757,998
Ntng1,45,14504.7031142837,7093.25320903605,469
Ntng1,45,14521.8939901258,7120.4171099851,469
Ntng1,45,14498.4071572476,7114.14337914969,469
Ntng1,45,14512.412725172,7095.76832082847,469
Ntng1,45,16908.9802375331,7966.39832018355,1020
Ntng1,45,14439.0062794942,6369.42017256287,105
Pcp4,46,17831.7172286802,11602.6114336621,2636
Pcp4,46,17094.2567512671,9704.60320911048,1889
Pcp4,46,16147.24158464,9722.62884029352,1886
Pcp4,46,16152.451957569,9723.46106527703,1886
Pcp4,46,16165.2730507085,9741.03308229771,1886
Pcp4,46,16899.3318944148,7976.38686186066,1020
Pde1a,47,15575.3172332058,7316.93577560746,615
Plp1,48,18179.4056805624,10732.8875886374,2293
Plp1,48,18170.5623516124,10736.7585826122,2293
Plp1,48,18181.3609536876,10737.0826239949,2293
Plp1,48,18175.3919622457,10718.0254976114,2293
Plp1,48,18152.4649690658,10725.7743618169,2293
Plp1,48,18167.9454295864,10740.944923401,2293
Plp1,48,18179.2089554016,10729.264460949,2293
Plp1,48,18169.319216625,10722.106520421,2293
Plp1,48,18187.6450940195,10734.5222928832,2293
Plp1,48,18171.0418950337,10728.1879638833,2293
Plp1,48,18157.2654220033,10723.8280215894,2293
Plp1,48,18170.7762078207,10710.9905400707,2293
Plp1,48,18175.0998884444,10725.3128539544,2293
Plp1,48,18179.5909297662,10718.8268379018,2293
Plp1,48,18175.1203176809,10709.8591030176,2293
Plp1,48,18168.9083062634,10720.8363558145,2293
Plp1,48,18171.8678757301,10709.8748829317,2293
Plp1,48,18171.6405376585,10725.791316731,2293
Plp1,48,18179.00336697,10735.7112046547,2293
Plp1,48,18164.8472444277,10718.2300863423,2293
Plp1,48,18169.3694164879,10734.3616741756,2293
Plp1,48,18175.1327079785,10713.9127653918,2293
Plp1,48,18170.3608542577,10726.9124082706,2293
Plp1,48,18188.7485462144,10707.8648260065,2293
Plp1,48,18161.5143834666,10717.1644272985,2293
Plp1,48,18165.9412662274,10727.312487767,2293
Plp1,48,18176.7278139518,10735.4694108861,2293
Plp1,48,18158.51315273,10723.9973090208,2293
Plp1,48,18162.7278808759,10732.4605778984,2293
Plp1,48,18165.3810618724,10728.7986611734,2293
Plp1,48,18160.1162480571,10726.9643540924,2293
Plp1,48,18179.0344205873,10719.2062942876,2293
Plp1,48,18168.639154908,10727.0327447304,2293
Plp1,48,18156.1179178784,10723.6197324003,2293
Plp1,48,18187.4233680922,10707.0439164818,2293
Plp1,48,18172.0349481932,10716.768727952,2293
Plp1,48,18162.1105273794,10723.9011409391,2293
Plp1,48,18178.2586380756,10713.0383374301,2293
Plp1,48,18161.226877988,10719.0779069208,2293
Plp1,48,18171.9976439133,10721.2722989491,2293
Plp1,48,18175.1871932467,10717.181525412,2293
Plp1,48,18159.9287998045,10716.9233407674,2293
Plp1,48,18188.0395118825,10710.4665678742,2293
Plp1,48,18156.1103337263,10722.3642888671,2293
Plp1,48,18166.9924183447,10727.2760538358,2293
Plp1,48,18174.3839890394,10725.3138418115,2293
Plp1,48,18169.6867184616,10733.0491391373,2293
Plp1,48,18175.8459465955,10714.6722200431,2293
Plp1,48,18173.5789036006,10717.6852406681,2293
Plp1,48,18165.8763136645,10730.665146747,2293
Plp1,48,18157.2473021546,10719.1006189445,2293
Plp1,48,18170.5845672971,10727.8775805022,2293
Plp1,48,18155.1388495398,10722.8412788709,2293
Plp1,48,18173.4933779603,10736.2307482352,2293
Plp1,48,18169.9975528155,10713.0390622286,2293
Plp1,48,18176.0856188949,10730.7517773031,2293
Plp1,48,18180.3335904257,10727.7196504667,2293
Plp1,48,17510.8730669216,13148.6394053777,3386
Plp1,48,17494.43653875,13149.8164357384,3386
Plp1,48,17502.375104444,13154.4642085165,3386
Plp1,48,17490.6268467978,13150.6924330487,3386
Plp1,48,17496.5515351909,13153.1953957875,3386
Plp1,48,17496.2711815374,13159.7317486253,3386
Plp1,48,17494.3224841713,13165.9297006577,3386
Plp1,48,17493.0049875785,13169.3203721245,3386
Plp1,48,17505.3575813608,13148.6498986313,3386
Plp1,48,17500.7900592196,13164.8780963175,3386
Plp1,48,17511.5006619009,13139.5320866389,3386
Plp1,48,17502.6271459003,13158.4730593482,3386
Plp1,48,17505.5708017835,13153.8263307868,3386
Plp1,48,17492.8450511233,13145.5819514891,3386
Plp1,48,17494.9927363608,13164.0081915085,3386
Plp1,48,17480.8095392791,13165.1669476999,3386
Plp1,48,17497.6612645991,13152.127441393,3386
Plp1,48,17501.8265412044,13148.6659509486,3386
Plp1,48,17517.2659579276,13162.0326805055,3386
Plp1,48,17502.8696933848,13164.1881578792,3386
Plp1,48,17495.551683202,13163.2607211812,3386
Plp1,48,17500.6340326218,13163.1900126173,3386
Plp1,48,17510.4142540362,13158.0015921467,3386
Plp1,48,17489.1932446841,13153.9943563896,3386
Plp1,48,17486.4744184438,13147.0651243901,3386
Plp1,48,17479.5949895556,13154.122859184,3386
Plp1,48,17510.4772845124,13158.0121013129,3386
Plp1,48,17493.2427425435,13188.8299540647,3386
Plp1,48,17487.1143651427,13153.11522034,3386
Plp1,48,17501.6168059867,13167.6430118608,3386
Plp1,48,17486.8625448226,13171.8453048077,3386
Plp1,48,17511.917298104,13164.0770739407,3386
Plp1,48,17502.8839718307,13169.1603768939,3386
Plp1,48,17495.8184075103,13165.0049725134,3386
Plp1,48,17498.1673124358,13158.1546409148,3386
Plp1,48,17498.099586181,13160.2918033057,3386
Plp1,48,17508.3517212132,13154.2590420517,3386
Plp1,48,17495.4838407555,13173.3697132661,3386
Plp1,48,17493.7320901889,13162.4820801077,3386
Plp1,48,17499.7716055155,13167.4138799992,3386
Plp1,48,17490.5782074534,13160.8468107211,3386
Plp1,48,17484.604769595,13154.3223714938,3386
Plp1,48,17493.1656438449,13175.9532430029,3386
Plp1,48,17506.5852349375,13154.6115160634,3386
Plp1,48,17497.0043252171,13167.7679429544,3386
Plp1,48,17498.8711844984,13167.7279412266,3386
Plp1,48,17498.0995981584,13161.0392994104,3386
Plp1,48,17504.5984465509,13169.4716738099,3386
Plp1,48,17473.781015153,13167.2744490515,3386
Plp1,48,17494.5794449207,13160.5379599166,3386
Plp1,48,17496.393757067,13163.2695771198,3386
Plp1,48,17495.0454578655,13163.6922240765,3386
Plp1,48,17500.3285611959,13170.5016977655,3386
Plp1,48,17483.2722716289,13143.7391478785,3386
Plp1,48,17477.7927349568,13146.6023544059,3386
Plp1,48,17492.2189998497,13155.4597818806,3386
Plp1,48,17495.1482294717,13155.5944556445,3386
Plp1,48,17501.0605508637,13170.314427777,3386
Plp1,48,17503.790275293,13153.8341902769,3386
Plp1,48,17498.8870047382,13166.2964387245,3386
Plp1,48,17490.8247938554,13165.4698873674,3386
Plp1,48,17494.6973795165,13158.5407508707,3386
Plp1,48,17490.0963048675,13156.6687102274,3386
Plp1,48,17492.1813595715,13162.9634795728,3386
Plp1,48,17504.3398364317,13163.9087202626,3386
Plp1,48,17504.345153475,13167.984894791,3386
Plp1,48,17495.4322134574,13154.4340210903,3386
Plp1,48,17489.9550123484,13161.6576193713,3386
Plp1,48,17485.3763650235,13164.5252955442,3386
Plp1,48,17497.9778656659,13166.2703318563,3386
Plp1,48,17485.5210150159,13150.0099781731,3386
Plp1,48,17501.8675353659,13161.8975958596,3386
Plp1,48,17490.7477410813,13153.9328688772,3386
Plp1,48,17471.4497484664,13159.7280382155,3386
Plp1,48,17486.6345467755,13170.9349256959,3386
Plp1,48,17498.8016586473,13165.873270337,3386
Plp1,48,17507.718484813,13160.1442424128,3386
Plp1,48,17500.7063864256,13145.2922703596,3386
Plp1,48,17495.2699476968,13150.9427374891,3386
Plp1,48,17504.1038734098,13157.6589558863,3386
Plp1,48,15359.5758333882,7865.72438169551,959
Plp1,48,15357.6539269924,7851.32032209119,959
Plp1,48,15347.678820368,7869.93501208006,959
Plp1,48,15372.7927748658,7861.4972020234,959
Plp1,48,15356.413897033,7846.98982478452,959
Plp1,48,15368.0521085564,7871.42797215658,959
Plp1,48,15355.3329163774,7871.12434490784,959
Plp1,48,15352.4911468921,7872.42656401974,959
Plp1,48,15356.1722762843,7872.02397856247,959
Plp1,48,17297.0452844239,13528.9562252078,3465
Plp1,48,17284.1035061283,13507.1890377337,3465
Plp1,48,17286.8761708766,13520.2630445299,3465
Pnoc,49,18009.8344593725,8964.38269215811,1510
Pnoc,49,15762.8807804481,7821.20653111043,935
Pnoc,49,16977.4319457784,13477.3168346627,3452
Pnoc,49,15982.5585490396,12789.5284982433,3215
Pnoc,49,16713.1455767748,8085.30245015807,1078
Pnoc,49,14446.3786137446,6382.33125863161,105
Prkca,50,15973.8394492897,12777.8109174274,3215
Prkca,50,16566.7874656843,7944.76148505164,998
Prkca,50,18042.3580945694,10671.0903606764,2279
Pvalb,51,17332.4390093275,12751.7874885376,3205
Pvalb,51,15131.5667971465,7044.38113952531,427
Pvalb,51,15129.4665170608,7065.9463093631,427
Pvalb,51,15136.4757732635,7040.9791271036,427
Pvalb,51,15412.178398237,6924.27978899279,287
Pvalb,51,15393.896330593,6912.37150808104,287
Pvalb,51,15378.1747132895,6903.74793069815,287
Pvalb,51,15386.3246338607,6928.61332496318,287
Pvalb,51,15399.381104912,6916.44922044924,287
Pvalb,51,15389.9041540063,6924.04440234161,287
Pvalb,51,15395.5286145161,6907.67974141857,287
Pvalb,51,15402.9488451738,6920.98268833389,287
Pvalb,51,15410.1554957952,6906.64652419743,287
Pvalb,51,15401.8870404193,6916.68581840913,287
Pvalb,51,15402.1781143641,6894.93105151299,287
Pvalb,51,15394.2171963648,6906.81687767069,287
Rab3c,52,17066.3246545326,10485.3082675881,2212
Rab3c,52,18160.7117145207,9453.7662773519,1765
Rab3c,52,15203.5092656174,7772.50390003518,902
Rab3c,52,16723.6446946528,9530.79880445048,1808
Rab3c,52,16077.4825968677,9006.14694041729,1540
Rab3c,52,16433.0804833695,9461.59370028257,1775
Rab3c,52,16446.8330152621,9467.90571510581,1775
Rab3c,52,16579.0116439088,7955.20918715623,998
Rab3c,52,18124.1028533888,9686.36242884608,1873
Rab3c,52,16895.6389905535,7974.76223335566,1020
Rab3c,52,17590.3926911214,12505.8512401993,3064
Rasgrf2,53,16983.9302969176,13466.0121428269,3452
Rasgrf2,53,16742.397075905,9515.19606676224,1808
Rasgrf2,53,17030.5809991965,9127.57557507072,1613
Rasgrf2,53,17174.4176925301,8586.24046577144,1315
Rasgrf2,53,16099.8033041129,8996.6207826874,1540
Rasgrf2,53,15395.9787937942,6913.33249252716,287
Rasgrf2,53,16496.3941681877,8000.07000043552,1038
Rbp4,54,16705.776068578,8074.43745554765,1078
Rbp4,54,16678.9762124108,8081.91818339564,1078
Rbp4,54,18115.0566684997,9689.57065615509,1873
Rbp4,54,16042.9784870563,7547.7033106482,777
Rbp4,54,17584.4528845444,12471.5697066304,3045
Rbp4,54,17585.5642037569,12456.613689569,3045
Rbp4,54,17428.9260417164,8752.01776359469,1416
Rbp4,54,17529.4190322552,12639.8320666153,3123
Rbp4,54,17200.6702096961,9299.49275274988,1698
Rbp4,54,17212.5419955102,9313.38604511856,1698
Rbp4,54,17587.9182345645,12520.0893506708,3064
Rbp4,54,17576.6217546262,12499.9478559725,3064
Rbp4,54,17604.8476478623,12519.5641917437,3064
Rbp4,54,14445.1618988579,6352.69750830925,105
Reln,55,16248.5056100056,9728.56111373966,3482
Reln,55,14225.9691471545,7049.50363933318,423
Reln,55,16419.9018266057,9468.30253167217,1775
Reln,55,16514.4291482991,8020.26265766798,1042
Reln,55,17517.1691162472,12660.8460025273,3149
Rgs10,56,16959.0479650532,13448.3699053113,3447
Rgs10,56,16977.3659651604,13474.8437452024,3452
Rgs10,56,15218.1992085253,7524.83498684541,752
Rgs10,56,15257.6248475595,7527.00870574841,773
Rgs10,56,16738.1301039707,9538.70704494906,1808
Rgs10,56,17171.1149601913,8577.15823715187,1315
Rgs10,56,17178.4578284936,8555.94941340289,1315
Rgs10,56,17181.077658311,8572.62006233132,1315
Rgs10,56,15150.6889585379,7071.52010194515,427
Rgs10,56,15393.9602183429,6920.50805563062,287
Rgs10,56,16507.8733133825,8019.75728165944,1038
Rgs10,56,16489.3270765898,8016.75745162258,1038
Rgs12,57,14035.4786590193,7224.060358223,566
Rgs12,57,15631.3216084558,7607.57242926165,803
Rgs12,57,15997.0037172173,12776.5168108848,3215
Rgs12,57,15988.2060458876,12761.3870335178,3215
Rgs12,57,15229.4169637963,7513.39846003279,752
Rgs12,57,14215.1270716137,7044.25295197509,423
Rgs12,57,14213.7822199893,7063.17843084213,423
Rgs12,57,14219.686986056,7047.54739255339,423
Rgs12,57,16451.6643101867,9459.51439768353,1775
Rgs12,57,16440.5212736516,9446.89016541346,1775
Rgs12,57,16915.277147153,7978.49872208365,1020
Rgs4,58,15571.3512980911,7332.22816100032,615
Rgs4,58,15585.5889466227,7324.95534703362,615
Rgs4,58,16912.4887299512,7982.61911005505,1020
Rorb,59,15324.0872613557,7220.8158839875,556
Satb1,60,17033.8607370439,9138.34909906148,1613
Satb1,60,17011.8012426982,9131.51274675174,1613
Satb1,60,18112.8146280944,9689.06039442905,1873
Satb1,60,17589.8647786823,12483.6682385528,3045
Satb1,60,18039.0457425221,10661.7692693135,2279
Satb1,60,14441.3053093783,6383.10101065794,105
Scg2,61,16874.3370769899,11790.7224408862,2721
Scg2,61,17175.8434961853,8563.74777705488,1315
Scg2,61,16156.1608021132,9715.11939202849,1886
Scg2,61,16891.9276099438,7979.4405072732,1020
Scg2,61,17423.6966004608,8751.65663687019,1416
Scg2,61,17405.9857166892,8770.19251941615,1416
Scg2,61,14437.2355836179,6368.6982477295,105
Sema3c,62,16372.8639865385,13171.4646572368,3390
Sema3c,62,15227.0973140616,7520.92249365785,752
Sema3c,62,17811.7385398859,11600.6591735158,2636
Sema3c,62,17583.0919516647,8580.31009052679,1311
Serpini1,63,17078.6693357353,10487.6607960996,2212
Serpini1,63,16982.2516101784,13455.6953906898,3452
Serpini1,63,16966.5848878007,13447.0828299347,3452
Serpini1,63,16997.920260241,13444.6946232131,3452
Serpini1,63,16716.8601895268,9511.73862801097,1808
Serpini1,63,16745.9521175024,9527.57097662252,1808
Serpini1,63,16734.8180817517,9544.28538704742,1808
Serpini1,63,17037.6099131507,9152.88542666052,1613
Serpini1,63,17177.0494640274,8575.74112129097,1315
Serpini1,63,17178.1375081643,8568.49094603372,1315
Serpini1,63,17186.3309295751,8572.5609954912,1315
Serpini1,63,15397.6917470242,6915.26491129701,287
Serpini1,63,18103.5290816069,9671.04693066389,1873
Serpini1,63,18123.1174851769,9683.10947537419,1873
Serpini1,63,18051.1769288137,10651.3418944414,2279
Serpini1,63,18055.2793921444,10668.5607986401,2279
Slc17a8,64,16735.9636497239,9551.18550654874,1808
Slc17a8,64,17173.0259627702,8576.07501644595,1315
Slc6a1,65,16878.4296532892,11793.598143121,2721
Slc6a1,65,16873.497231051,11797.4735696075,2721
Slc6a1,65,16376.3571764935,13177.4288594706,3390
Slc6a1,65,16384.7304401115,13171.3007448562,3390
Slc6a1,65,18015.3077019832,8953.39814962291,1510
Slc6a1,65,15985.6022877153,12782.0599172121,3215
Slc6a1,65,15246.3390073029,7514.94562718364,752
Slc6a1,65,14207.7049028952,7053.40427495886,423
Slc6a1,65,16753.0804226758,9522.24203990483,1808
Slc6a1,65,17817.1449155716,11601.7939512262,2636
Slc6a1,65,17029.3247214999,9153.15983195193,1613
Slc6a1,65,16150.137827499,9744.72320169352,1886
Slc6a1,65,16088.9893128113,9000.66117247036,1540
Slc6a1,65,16451.4187141272,9453.58959095827,1775
Slc6a1,65,15133.7641228602,7063.51541888988,427
Slc6a1,65,15392.6722453413,6915.39914649841,287
Slc6a1,65,15391.6880048326,6921.77277227389,287
Slc6a1,65,18124.7698798039,9674.92320838713,1873
Slc6a1,65,18128.835480977,9688.84499940411,1873
Slc6a1,65,18115.7925964223,9677.20514880715,1873
Slc6a1,65,17591.464692482,12483.2325491023,3045
Slc6a1,65,17571.24578354,12608.8427048441,3099
Snca,66,16875.2301691484,11799.7189727629,2721
Snca,66,15207.4621260658,8216.6084074563,1138
Snca,66,18141.2250721162,9457.45888594207,1765
Snca,66,17012.0743254198,13471.3391602037,3482
Snca,66,15998.3867281978,12782.8844794019,3215
Snca,66,15245.1885376483,7513.51046347302,752
Snca,66,15234.7802480174,7522.57764853032,752
Snca,66,14211.3498412853,7049.70600686261,423
Snca,66,17812.7744066063,10394.7140390947,2170
Snca,66,16747.2104027278,9533.17335385636,1808
Snca,66,16749.3505293552,9523.57583421906,1808
Snca,66,16428.5141002894,9452.93999134489,1775
Snca,66,16590.2688324815,7964.39919040811,998
Snca,66,15577.6477992635,7317.31628486593,615
Snca,66,15323.9311191549,7218.9646077317,556
Snca,66,17336.8970253719,12744.1423413652,3205
Snca,66,15143.2397560527,7061.23346429725,427
Snca,66,15136.9991572841,7069.19558406175,427
Snca,66,15138.3614213819,7050.87404709881,427
Snca,66,16682.6888005196,8079.03894987388,1078
Sncg,67,15976.1680255485,12775.5809110195,3215
Sncg,67,14222.8464561338,7040.65106344005,423
Sncg,67,16744.3906921552,9543.08386268172,1808
Sncg,67,16899.0109559545,8684.76855138405,1368
Sncg,67,16919.4395234467,8669.92454081196,1368
Sncg,67,16095.5428703734,8989.73259095754,1540
Sst,68,17029.0318473977,9119.45221834258,3482
Sst,68,16902.2863548713,7976.16561330106,1020
Sst,68,16912.9225967547,7992.33856520946,1020
Sst,68,16892.7235281257,7976.39774907654,1020
Sst,68,16908.8498213389,7985.97855303232,1020
Sst,68,16904.7960531107,7971.1256125464,1020
Sst,68,17594.4316887835,12468.5104234378,3045
Sst,68,17430.6860232636,8743.80229272622,1416
Sst,68,17428.4378150722,8760.01395672093,1416
Sst,68,17421.1021395774,8765.6304304415,1416
Sst,68,17428.0069369057,8757.15287981503,1416
Sst,68,17410.8647611441,8764.45025503922,1416
Sst,68,17426.4819739109,8748.34839635104,1416
Sst,68,17413.1987428019,8765.82178776648,1416
Sst,68,17431.9792100291,8758.02313928957,1416
Sst,68,17429.0136452288,8748.28837664787,1416
Sst,68,17425.8556790507,8750.42224705756,1416
Sst,68,17433.2481999799,8751.64000345763,1416
Sst,68,17416.5755424221,8763.80279344744,1416
Sst,68,17426.8719792981,8763.37309883141,1416
Sst,68,17432.3480067078,8759.68760643253,1416
Sst,68,17425.5660150033,8767.34862453515,1416
Sst,68,17429.5586937684,8756.86664100372,1416
Sst,68,17427.9869478352,8767.77161326764,1416
Sst,68,17425.7509716555,8765.45444036322,1416
Sst,68,17410.7636544026,8762.03972295785,1416
Sst,68,17419.4203722023,8758.38083618823,1416
Sst,68,17411.4924756302,8743.4387517268,1416
Sst,68,17523.3030803296,12664.6264012703,3149
Sst,68,17528.4391171705,12641.8467092087,3149
Sst,68,17519.302481057,12649.7008470918,3149
Sst,68,17519.9659666863,12659.2910968253,3149
Sst,68,17519.9192933228,12649.4733091007,3149
Sst,68,17530.8618674892,12657.7454860271,3149
Sst,68,17539.6318552705,12659.3205955888,3149
Sst,68,17514.2239119411,12644.9213470415,3149
Sst,68,17528.785990459,12662.8937394324,3149
Sst,68,17530.1870748624,12650.369971589,3149
Sst,68,17507.9330885971,12647.5447964637,3149
Sst,68,17525.1318774257,12664.5351114453,3149
Sst,68,17208.8753072717,9320.59821200032,1698
Sst,68,17212.6158706334,9314.54667017792,1698
Sst,68,17203.2505153727,9290.59476537316,1698
Sst,68,17209.2276158614,9297.6867195449,1698
Sst,68,17198.8796540112,9301.47980510205,1698
Sst,68,17205.9982827036,9316.82797479086,1698
Sst,68,17578.0785266905,12611.1690438744,3099
Sst,68,17572.2069071892,12606.3039520433,3099
Sst,68,17587.6528172471,12514.6684908631,3064
Sst,68,17575.3455590996,12499.8880434598,3064
Sst,68,17581.2188863477,12505.1031097365,3064
Sst,68,17575.0120343046,12503.8760824295,3064
Sst,68,17611.1100888676,12514.9145393477,3064
Sst,68,17592.8864520547,12503.8701311604,3064
Sst,68,17595.195905952,12515.8888078841,3064
Sst,68,17582.0559430428,12503.1925745352,3064
Sst,68,17587.4763727587,12504.0981092224,3064
Sst,68,17601.9455340101,12521.463233053,3064
Sst,68,17600.4346204511,12503.6293977797,3064
Sst,68,17585.9467731949,12500.696555787,3064
Sst,68,17589.7607888821,12521.8739740418,3064
Sst,68,17583.6928859261,12506.8759276592,3064
Sst,68,17589.9242388853,12501.6790043582,3064
Sst,68,17587.3972118669,12522.1755321015,3064
Sst,68,18068.8840558561,10698.481132001,3482
Sst,68,18055.8731864704,10672.6162587295,2279
Sst,68,18048.9467365845,10679.0216343795,2279
Sst,68,18044.3695107177,10665.7431195732,2279
Sst,68,18044.1161352973,10669.899256468,2279
Sst,68,18039.4288487343,10661.8416881013,2279
Sst,68,14467.3179053703,6379.52360387359,105
Sst,68,14434.7604026143,6382.25860884409,105
Sulf2,69,16165.4685858368,9735.23124495423,1886
Sulf2,69,14452.5934072389,6384.40000074124,105
Synpr,70,15773.8402516099,7829.6153230274,935
Synpr,70,17520.9031564171,12641.1256221188,3149
Synpr,70,14441.5185795921,6377.76637286108,105
Tac1,71,18104.003787535,9695.95789750717,1873
Tac1,71,18122.0877502213,9684.40269602128,1873
Tac1,71,18130.176930939,9682.47916234974,1873
Tac1,71,16507.2356769924,7997.02414341684,1021
Tac1,71,16511.8584217308,7999.70106599932,1021
Tac2,72,15201.9561890739,8202.12342196975,1138
Tac2,72,14029.8207613727,7243.83928270729,566
Thsd7a,73,15287.4193271453,8603.66972415037,1328
Thsd7a,73,15575.8300625291,7304.26443763103,615
Trp53i11,74,16001.1272396466,12778.8383790705,3215
Trp53i11,74,15969.8072287062,12774.1777068577,3215
Trp53i11,74,15239.8284081206,7520.82342183103,752
Trp53i11,74,16719.9908812732,9530.88587292688,1808
Trp53i11,74,16720.3236486712,9541.88340555976,1808
Trp53i11,74,16729.8704557045,9524.11591813277,1808
Trp53i11,74,16735.4912677193,9518.15660925411,1808
Trp53i11,74,16739.6351835806,9517.39277339908,1808
Trp53i11,74,16729.3916642338,9547.91359450315,1808
Trp53i11,74,16910.1704963568,8668.6753712099,1368
Trp53i11,74,17013.0977680181,9139.66005663196,1613
Trp53i11,74,16152.8577477705,9724.95539851065,1886
Trp53i11,74,16428.1799884419,9467.5613582293,1775
Vip,75,18170.8612842153,9444.87250421658,1765
Vip,75,18160.6565359603,9458.28137126335,1765
Vip,75,18142.1110696824,9444.96815007659,1765
Vip,75,14028.4124871386,7236.77587106292,566
Vip,75,15772.6563462737,7829.89267728894,935
Vip,75,15768.40712326,7825.42549746305,935
Vip,75,15787.208973057,7813.07476173141,935
Vip,75,17828.2013329224,10389.2827554837,2170
Vip,75,17810.7179871183,11602.7224989324,2636
Vip,75,17805.3851176223,11600.4477900519,2636
Vip,75,17814.1384060161,11612.4645863172,2636
Vip,75,17805.5733544075,11604.8341158551,2636
Vip,75,17805.5037475704,11602.4309815687,2636
Vip,75,17803.0195561642,11606.8300794895,2636
Vip,75,17800.760707907,11601.1516303053,2636
Vip,75,16920.0235534035,8672.31709373458,1368
Yjefn3,76,16989.4395578674,13444.6060378294,3452
Yjefn3,76,15987.9958309196,12770.9612289944,3215
Yjefn3,76,15240.1098440124,7500.81716627519,752
Yjefn3,76,15235.7849520775,7521.17057213112,752
Yjefn3,76,15224.4931903568,7515.14118081275,752
Yjefn3,76,15232.2262964818,7511.37382629833,752
Yjefn3,76,16744.9798389714,9538.78339328872,1808
Yjefn3,76,17179.8006079786,8562.48323663338,1315
Zcchc12,77,15987.5963612642,12767.1867732109,3215
Zcchc12,77,17397.2157526324,8749.59428775913,3482
Zcchc12,77,17431.5022121135,8768.30161329264,1416
